artifact_path,artifact_name,artifact_type,purpose,responsibilities,exclusions,classes,functions,imports,referenced_scripts,referenced_tables,referenced_rpcs,defined_rpcs,verifies,line_count,documentation_status,last_scanned_at,scan_error
common/object_types.py,object_types.py,Python,Defines AlphaOmega's canonical synchronization object types.,"[""Define the canonical CONTAINER object type."",""Define the canonical CONTENT object type."",""Provide shared object-type values that are independent of any"",""individual synchronization stage.""]","[""Define source-specific object types."",""Determine the object type of a source object."",""Perform synchronization processing.""]",[],[],[],[],[],[],[],[],20,COMPLETE,2026-09-13 05:06:34.617284+00,null
common/security/credential_provider.py,credential_provider.py,Python,Defines the stable interface used by AlphaOmega infrastructure to retrieve credentials without depending on a specific credential-storage technology.,"[""AlphaOmega credential name."",""Define the common CredentialProvider interface."",""Preserve a storage-independent credential retrieval boundary."",""Require credential providers to retrieve secrets by logical""]","[""Expose provider-specific retrieval behavior to consumers."",""Implement credential retrieval from a specific provider."",""Select a credential-storage technology."",""Store credentials.""]","[""CredentialProvider""]","[""get""]","[""abc.ABC"",""abc.abstractmethod""]",[],[],[],[],[],43,COMPLETE,2026-09-13 05:06:34.617284+00,null
common/security/local_credential_provider.py,local_credential_provider.py,Python,Retrieves AlphaOmega secrets from operating-system protected credential storage through the common CredentialProvider interface.,"[""Convert provider retrieval failures into controlled runtime errors."",""Retrieve credentials from the local protected credential store."",""Return stored secrets through the common CredentialProvider contract."",""Use the AlphaOmega service name when accessing local credentials."",""Validate logical credential names before retrieval.""]","[""Define credential consumers."",""Expose provider-generated exception details."",""Require consuming components to depend directly on keyring."",""Store or modify credentials.""]","[""LocalCredentialProvider""]","[""get""]","[""common.security.credential_provider.CredentialProvider"",""keyring""]","[""common/security/credential_provider.py""]",[],[],[],[],72,COMPLETE,2026-09-13 05:06:34.617284+00,null
config/settings.py,settings.py,Python,Loads required local AlphaOmega configuration settings used by Microsoft Graph connectivity.,"[""Expose the configured Microsoft Graph client ID."",""Fail when a required configuration setting is unavailable."",""Load configuration values from the config .env file."",""Retrieve required settings from the process environment.""]","[""Authenticate to Microsoft Graph."",""Establish Microsoft Graph connections."",""Retrieve protected credentials."",""Store or modify configuration values.""]",[],"[""get_required_setting""]","[""dotenv.load_dotenv"",""os"",""pathlib.Path""]",[],[],[],[],[],43,COMPLETE,2026-09-13 05:06:34.617284+00,null
scripts/administration/export_script_documentation_audit.py,export_script_documentation_audit.py,Python,Exports the current development implementation inventory into one documentation audit package for controlled Gold Standard review.,"[""Derive direct inbound script dependencies without storing them."",""Preserve human-authored and machine-discovered inventory metadata."",""Produce summary statistics for the current inventory."",""Read active artifact metadata from public.scripts."",""Read the current source text for each inventoried repository artifact."",""Write one deterministic JSON audit package to artifacts/reports.""]","[""Create Knowledge Objects."",""Execute inventoried Python or SQL artifacts."",""Infer undocumented architectural intent."",""Modify database records."",""Modify repository source files."",""Store reverse dependencies in the database.""]",[],"[""build_audit"",""build_reverse_dependency_map"",""build_summary"",""create_database_client"",""load_active_scripts"",""main"",""normalize_json_array"",""print_summary"",""read_source_text"",""write_audit_report""]","[""common.security.local_credential_provider.LocalCredentialProvider"",""datetime.datetime"",""datetime.timezone"",""json"",""pathlib.Path"",""scripts.database.database_connection.DatabaseConnection""]","[""common/security/local_credential_provider.py"",""scripts/database/database_connection.py""]","[""scripts""]",[],[],[],308,COMPLETE,2026-09-13 05:06:34.617284+00,null
scripts/administration/refresh_script_inventory.py,refresh_script_inventory.py,Python,Maintains the development implementation inventory stored in the public.scripts table.,"[""Detect database table and RPC relationships."",""Discover Python and SQL artifacts in the AIOS repository."",""Extract deterministic implementation metadata."",""Extract human-authored documentation metadata."",""Maintain active and inactive artifact state."",""Measure documentation compliance."",""Resolve internal Python dependencies to repository artifacts.""]","[""Create Knowledge Objects."",""Determine inbound dependencies manually."",""Execute discovered Python or SQL artifacts."",""Infer architectural intent that is not documented in source."",""Modify discovered source files."",""Synchronize AlphaOmega content.""]",[],"[""analyze_artifact"",""analyze_python"",""analyze_sql"",""build_base_record"",""build_python_module_map"",""calculate_hash"",""classify_record"",""collect_python_string_constants"",""deactivate_missing_artifact"",""determine_documentation_status"",""discover_artifacts"",""enrich_sql_rpc_relationships"",""extract_sql_documentation"",""find_best_module_match"",""find_sql_defined_rpcs"",""find_sql_referenced_rpcs"",""find_sql_referenced_tables"",""get_line_count"",""get_relative_path"",""get_repository_root"",""is_test_artifact"",""load_existing_records"",""main"",""normalize_documentation_line"",""parse_documentation"",""path_to_module_name"",""print_results"",""refresh_inventory"",""remove_transient_fields"",""resolve_relative_import_module"",""resolve_static_string"",""strip_sql_comments"",""upsert_records""]","[""ast"",""common.security.local_credential_provider.LocalCredentialProvider"",""datetime.datetime"",""datetime.timezone"",""hashlib"",""pathlib.Path"",""re"",""scripts.database.database_connection.DatabaseConnection""]","[""common/security/local_credential_provider.py"",""scripts/database/database_connection.py""]","[""scripts""]",[],[],[],2123,COMPLETE,2026-09-13 05:06:34.617284+00,null
scripts/application/populate_all_onedrive_container_population.py,populate_all_onedrive_container_population.py,Python,Performs the controlled initial population of the complete persisted OneDrive Source Container Catalog.,"[""Compare the observation with existing persisted Source Containers."",""Create a Processing Job for the controlled population."",""Enumerate the complete OneDrive container hierarchy."",""Persist observed OneDrive Source Containers through the approved"",""Report population measurements and results."",""Validate the complete Source Container observation."",""database operation.""]","[""Create Knowledge Objects."",""Perform ongoing Source Container Refresh."",""Replace the shared SourceContainerRefreshService."",""Synchronize OneDrive file content.""]","[""ExistingDatabaseConnection""]","[""__init__"",""connect"",""format_bytes"",""format_duration"",""main""]","[""common.security.local_credential_provider.LocalCredentialProvider"",""datetime.datetime"",""datetime.timezone"",""json"",""scripts.connectors.ms_graph.onedrive_container_enumerator.OneDriveContainerEnumerator"",""scripts.database.database_connection.DatabaseConnection"",""scripts.database.processing_job_repository.ProcessingJobRepository"",""scripts.database.source_container_repository.SourceContainerRepository"",""scripts.database.source_repository.SourceRepository"",""scripts.sync.source_container_observation_validator.SourceContainerObservationValidator"",""time.perf_counter""]","[""common/security/local_credential_provider.py"",""scripts/connectors/ms_graph/onedrive_container_enumerator.py"",""scripts/database/database_connection.py"",""scripts/database/processing_job_repository.py"",""scripts/database/source_container_repository.py"",""scripts/database/source_repository.py"",""scripts/sync/source_container_observation_validator.py""]",[],"[""upsert_source_containers""]",[],[],727,COMPLETE,2026-09-13 05:06:34.617284+00,null
scripts/application/populate_onedrive_containers.py,populate_onedrive_containers.py,Python,Performs controlled population of the AlphaOmega OneDrive Source Container subtree.,"[""Create a Processing Job for the controlled population."",""Enumerate a complete OneDrive container observation."",""Persist the selected Source Containers through the approved database"",""Report population measurements and results."",""Select the AlphaOmega subtree from the observed hierarchy."",""Validate the complete observation before selection."",""operation.""]","[""Create Knowledge Objects."",""Perform ongoing Source Container Refresh."",""Synchronize OneDrive file content."",""Treat partial enumeration as proof of absence.""]",[],"[""format_bytes"",""format_duration"",""main"",""select_subtree""]","[""common.security.local_credential_provider.LocalCredentialProvider"",""datetime.datetime"",""datetime.timezone"",""json"",""scripts.connectors.ms_graph.onedrive_container_enumerator.OneDriveContainerEnumerator"",""scripts.database.database_connection.DatabaseConnection"",""scripts.database.processing_job_repository.ProcessingJobRepository"",""scripts.database.source_repository.SourceRepository"",""scripts.sync.source_container_observation_validator.SourceContainerObservationValidator"",""time.perf_counter""]","[""common/security/local_credential_provider.py"",""scripts/connectors/ms_graph/onedrive_container_enumerator.py"",""scripts/database/database_connection.py"",""scripts/database/processing_job_repository.py"",""scripts/database/source_repository.py"",""scripts/sync/source_container_observation_validator.py""]","[""source_containers""]","[""upsert_source_containers""]",[],[],901,COMPLETE,2026-09-13 05:06:34.617284+00,null
scripts/application/populate_onenote_containers.py,populate_onenote_containers.py,Python,Performs the controlled initial population of the persisted OneNote Source Container Catalog.,"[""Create a Processing Job for the controlled population."",""Enumerate the complete OneNote container hierarchy."",""Persist observed OneNote Source Containers through the approved"",""Report population measurements and results."",""Validate the complete Source Container observation."",""database operation.""]","[""Create Knowledge Objects."",""Perform ongoing Source Container Refresh."",""Replace the shared SourceContainerRefreshService."",""Synchronize OneNote page content.""]",[],"[""format_bytes"",""format_duration"",""main""]","[""common.security.local_credential_provider.LocalCredentialProvider"",""datetime.datetime"",""datetime.timezone"",""json"",""scripts.connectors.ms_graph.onenote_container_enumerator.OneNoteContainerEnumerator"",""scripts.database.database_connection.DatabaseConnection"",""scripts.database.processing_job_repository.ProcessingJobRepository"",""scripts.database.source_repository.SourceRepository"",""scripts.sync.source_container_observation_validator.SourceContainerObservationValidator"",""time.perf_counter""]","[""common/security/local_credential_provider.py"",""scripts/connectors/ms_graph/onenote_container_enumerator.py"",""scripts/database/database_connection.py"",""scripts/database/processing_job_repository.py"",""scripts/database/source_repository.py"",""scripts/sync/source_container_observation_validator.py""]","[""source_containers""]","[""upsert_source_containers""]",[],[],693,COMPLETE,2026-09-13 05:06:34.617284+00,null
scripts/application/refresh_all_source_containers.py,refresh_all_source_containers.py,Python,Provides the production application entry point for refreshing the persisted Source Container Catalog for registered Sources.,"[""Build SourceContainerRefreshService with the required dependencies."",""Define the configured Source registry used by Refresh."",""Preserve separate Processing Jobs for separate Sources."",""Report per-Source and combined Refresh results."",""Run each configured Source Refresh independently."",""Select the correct Source-specific container enumerator.""]","[""Combine multiple Sources into one Processing Job."",""Create Knowledge Objects."",""Implement Source Container enumeration."",""Implement reconciliation or persistence rules."",""Synchronize source content.""]","[""ExistingDatabaseConnection""]","[""__init__"",""build_refresh_service"",""connect"",""format_bytes"",""format_duration"",""main"",""print_source_result"",""run_source_refresh""]","[""common.security.local_credential_provider.LocalCredentialProvider"",""scripts.connectors.ms_graph.onedrive_container_enumerator.OneDriveContainerEnumerator"",""scripts.connectors.ms_graph.onenote_container_enumerator.OneNoteContainerEnumerator"",""scripts.database.database_connection.DatabaseConnection"",""scripts.database.processing_job_repository.ProcessingJobRepository"",""scripts.database.source_container_refresh_reservation_repository.SourceContainerRefreshReservationRepository"",""scripts.database.source_container_repository.SourceContainerRepository"",""scripts.database.source_repository.SourceRepository"",""scripts.sync.source_container_observation_validator.SourceContainerObservationValidator"",""scripts.sync.source_container_reconciler.SourceContainerReconciler"",""scripts.sync.source_container_refresh_service.SourceContainerRefreshService"",""scripts.sync.source_container_root_service.SourceContainerRootService"",""time.perf_counter""]","[""common/security/local_credential_provider.py"",""scripts/connectors/ms_graph/onedrive_container_enumerator.py"",""scripts/connectors/ms_graph/onenote_container_enumerator.py"",""scripts/database/database_connection.py"",""scripts/database/processing_job_repository.py"",""scripts/database/source_container_refresh_reservation_repository.py"",""scripts/database/source_container_repository.py"",""scripts/database/source_repository.py"",""scripts/sync/source_container_observation_validator.py"",""scripts/sync/source_container_reconciler.py"",""scripts/sync/source_container_refresh_service.py"",""scripts/sync/source_container_root_service.py""]",[],[],[],[],691,COMPLETE,2026-09-13 05:06:34.617284+00,null
scripts/application/source_browsing_service.py,source_browsing_service.py,Python,Provides the application-facing capability for browsing registered Sources and their persisted Source Container hierarchy.,"[""Construct the application-facing Source Container hierarchy."",""Expose AlphaOmega Source and Source Container identities to callers."",""List enabled registered Sources."",""Retrieve active persisted Source Containers for a Source."",""Validate that a requested Source exists and is enabled.""]","[""Access the database directly."",""Communicate with a Source of Truth."",""Create Processing Jobs or Synchronization Runs."",""Enumerate or refresh Source Containers."",""Perform UI presentation."",""Synchronize content.""]","[""SourceBrowsingService""]","[""__init__"",""_build_hierarchy"",""_sort_hierarchy"",""browse_source"",""list_sources""]",[],[],[],[],[],[],370,COMPLETE,2026-09-13 05:06:34.617284+00,null
scripts/application/synchronization_admission_service.py,synchronization_admission_service.py,Python,Validates one SynchronizationRequest against the persisted Source and Source Container catalogs.,"[""Return the persisted identities required by later synchronization"",""Validate that the Source Container belongs to the requested Source."",""Validate that the Source Container is active."",""Validate that the requested Source Container exists."",""Validate that the requested Source exists."",""Validate that the requested Source is enabled."",""capabilities.""]","[""Communicate with a Source of Truth."",""Create Processing Jobs or Synchronization Runs."",""Detect synchronization overlap."",""Invoke SynchronizationOrchestrator."",""Refresh Source Containers."",""Reserve synchronization execution.""]","[""SynchronizationAdmissionService""]","[""__init__"",""validate""]",[],[],[],[],[],[],206,COMPLETE,2026-09-13 05:06:34.617284+00,null
scripts/application/synchronization_application_service.py,synchronization_application_service.py,Python,Provides the production application capability for processing one SynchronizationRequest from persisted admission through synchronization execution.,"[""AlphaOmega state."",""Enforce application-level Source scope rules."",""Invoke authoritative synchronization reservation and execution."",""Perform preliminary persisted conflict evaluation."",""Return one application-facing operational result."",""Validate the admitted synchronization scope against its Source of Truth."",""Validate the requested Source and Source Container against persisted""]","[""Access the database directly."",""Communicate directly with a Source of Truth."",""Create Processing Jobs or Synchronization Runs itself."",""Determine synchronization hierarchy conflicts itself."",""Duplicate synchronization pipeline logic."",""Implement Source-specific Connector behavior."",""Perform UI presentation.""]","[""SynchronizationApplicationService""]","[""__init__"",""_require_result_text"",""execute""]","[""scripts.sync.source_container_root_service.SourceContainerRootService""]","[""scripts/sync/source_container_root_service.py""]",[],[],[],[],410,COMPLETE,2026-09-13 05:06:34.617284+00,null
scripts/application/synchronization_conflict_service.py,synchronization_conflict_service.py,Python,Evaluates whether a requested synchronization scope conflicts with synchronization operations already running for the same Source.,"[""Evaluate same-Container, ancestor, and descendant scope conflicts."",""Keep synchronization conflict evaluation within the application layer."",""Read active synchronization scopes from persisted Synchronization Runs."",""Read the active persisted Source Container catalog for the Source."",""Return the conflicting active Source Container identities.""]","[""Access a Source of Truth."",""Create Synchronization Runs."",""Create or update Processing Jobs."",""Detect Source Container Refresh conflicts."",""Execute synchronization."",""Perform persisted synchronization admission."",""Reserve synchronization execution.""]","[""SynchronizationConflictService""]","[""__init__"",""_require_identifier"",""find_conflicts"",""has_conflict""]",[],[],[],[],[],[],165,COMPLETE,2026-09-13 05:06:34.617284+00,null
scripts/application/synchronization_connector_service.py,synchronization_connector_service.py,Python,Executes the Connector stage for an already-admitted synchronization request using the synchronization scope authorized by the application.,"[""Enforce Source-specific synchronization scope rules."",""Permit either Entire Source or selected-Container synchronization"",""Require a selected Container for OneDrive synchronization."",""Return the completed ConnectorSection for downstream pipeline stages."",""Route Entire Source OneNote through the existing GraphConnector."",""Route selected scopes through SynchronizationScopeConnector."",""for OneNote.""]","[""Browse or select Source Containers."",""Create Processing Jobs or Synchronization Runs."",""Execute Translator, Discovery, Extraction, or Load."",""Perform preliminary conflict detection."",""Permit normal whole-Source OneDrive synchronization."",""Reserve synchronization."",""Validate persisted Source or Source Container identity."",""Validate the selected Container against the Source of Truth.""]","[""SynchronizationConnectorService""]","[""__init__"",""_require_text"",""execute""]","[""scripts.connectors.ms_graph.graph_connector.GraphConnector"",""scripts.connectors.ms_graph.onedrive_synchronization_scope_connector.OneDriveSynchronizationScopeConnector"",""scripts.connectors.ms_graph.onenote_synchronization_scope_connector.OneNoteSynchronizationScopeConnector"",""scripts.connectors.synchronization_scope_connector.SynchronizationScopeConnector""]","[""scripts/connectors/ms_graph/graph_connector.py"",""scripts/connectors/ms_graph/onedrive_synchronization_scope_connector.py"",""scripts/connectors/ms_graph/onenote_synchronization_scope_connector.py"",""scripts/connectors/synchronization_scope_connector.py""]",[],[],[],[],202,COMPLETE,2026-09-13 05:06:34.617284+00,null
scripts/application/synchronization_execution_service.py,synchronization_execution_service.py,Python,Coordinates an admitted synchronization request from atomic reservation through Connector execution and the existing synchronization pipeline.,"[""Enforce Source-specific synchronization scope rules."",""Execute the correct Source-specific Connector path."",""Fail a reserved Processing Job if execution fails before the"",""Orchestrator assumes lifecycle responsibility."",""Pass the reserved Processing Job and completed ConnectorSection"",""Recognize an AlphaOmega Source Root Container as an entire-Source scope."",""Reserve the synchronization scope atomically."",""Return the completed synchronization result."",""Validate the admitted synchronization scope."",""to the Synchronization Orchestrator.""]","[""Create Processing Jobs independently."",""Create Synchronization Runs independently."",""Determine hierarchy conflicts."",""Duplicate synchronization pipeline logic."",""Implement Source-specific Connector behavior."",""Perform persisted synchronization admission."",""Perform preliminary conflict detection.""]","[""SynchronizationExecutionService""]","[""__init__"",""_require_text"",""execute""]","[""scripts.sync.source_container_root_service.SourceContainerRootService""]","[""scripts/sync/source_container_root_service.py""]",[],[],[],[],401,COMPLETE,2026-09-13 05:06:34.617284+00,null
scripts/application/synchronization_preliminary_conflict_service.py,synchronization_preliminary_conflict_service.py,Python,Performs preliminary persisted conflict evaluation for an admitted synchronization request before Source-of-Truth validation and authoritative synchronization reservation.,"[""Detect a running whole-Source Source Container Refresh."",""Detect overlapping running synchronization scopes."",""Reject synchronization when either persisted conflict exists."",""Return a clear preliminary conflict result when execution may"",""continue to later admission stages.""]","[""Create Synchronization Runs."",""Create or update Processing Jobs."",""Execute synchronization."",""Guarantee conflict-free authoritative reservation."",""Perform persisted synchronization identity admission."",""Reserve synchronization execution."",""Validate synchronization scope against a Source of Truth.""]","[""SynchronizationPreliminaryConflictService""]","[""__init__"",""_require_identifier"",""evaluate""]",[],[],[],[],[],[],166,COMPLETE,2026-09-13 05:06:34.617284+00,null
scripts/application/synchronization_scope_conflict_detector.py,synchronization_scope_conflict_detector.py,Python,Determines whether a requested synchronization scope overlaps one or more other synchronization scopes within the same Source hierarchy.,"[""Allow sibling and otherwise disjoint synchronization scopes."",""Detect ancestor and descendant synchronization conflicts."",""Detect same-Container synchronization conflicts."",""Keep synchronization conflict evaluation isolated by Source."",""Resolve Source Containers from the supplied persisted catalog.""]","[""Access the database."",""Create Processing Jobs or Synchronization Runs."",""Detect Source Container Refresh conflicts."",""Determine which synchronization operations are currently active."",""Execute synchronization."",""Reserve synchronization execution.""]","[""SynchronizationScopeConflictDetector""]","[""_build_container_id_map"",""_build_parent_map"",""_is_ancestor"",""_require_identifier"",""_require_record_identifier"",""find_conflicts""]",[],[],[],[],[],[],436,COMPLETE,2026-09-13 05:06:34.617284+00,null
scripts/code_testing/find_onedrive_file_id.py,find_onedrive_file_id.py,Python,Locates a specific OneDrive file by its known OneDrive-relative path and prints its current Microsoft Graph driveItem ID.,[],"[""Enumerate the complete OneDrive."",""Execute synchronization."",""Modify the source file."",""Write to the AlphaOmega database.""]",[],"[""main""]","[""scripts.connectors.ms_graph.graph_connection.graph_get"",""urllib.parse.quote""]","[""scripts/connectors/ms_graph/graph_connection.py""]",[],[],[],"[""Microsoft Graph returns the current driveItem identity for that file."",""The configured OneDrive file can be resolved by its known path.""]",102,COMPLETE,2026-09-13 05:06:34.617284+00,null
scripts/code_testing/find_onenote_page_id.py,find_onenote_page_id.py,Python,Locates a specific OneNote page and prints its Microsoft Graph page ID.,[],"[""Create Knowledge Objects."",""Execute synchronization."",""Modify OneNote."",""Write to the AlphaOmega database.""]",[],"[""find_named_object"",""get_collection"",""main""]","[""scripts.connectors.ms_graph.graph_connection.graph_get""]","[""scripts/connectors/ms_graph/graph_connection.py""]",[],[],[],"[""Microsoft Graph returns the current page identity."",""The configured notebook can be located."",""The configured page can be located."",""The configured section can be located.""]",220,COMPLETE,2026-09-13 05:06:34.617284+00,null
scripts/code_testing/inspect_onedrive_aios_catalog_hierarchy.py,inspect_onedrive_aios_catalog_hierarchy.py,Python,Inspect the freshly refreshed OneDrive Source Container Catalog around every active Container named AIOS.,"[""Call Microsoft Graph."",""Create Processing Jobs."",""Identify every active Container named AIOS."",""It does NOT:"",""Load all active OneDrive Source Containers."",""Modify database records."",""Recursively count all descendant Containers."",""Refresh Source Containers."",""Resolve each persisted parent when possible."",""Resolve the enabled OneDrive Source."",""Show a small sample of the hierarchy beneath each AIOS Container."",""Show each AIOS Container's persisted identity and parent identity."",""Show immediate child Containers."",""Synchronize content."",""This script is read-only.""]",[],[],"[""build_indexes"",""collect_descendants"",""create_database"",""describe_parent"",""load_active_containers"",""main"",""normalize_identity"",""print_container_report"",""resolve_source""]","[""collections.defaultdict"",""collections.deque"",""common.security.local_credential_provider.LocalCredentialProvider"",""scripts.database.database_connection.DatabaseConnection"",""scripts.sync.source_container_root_service.SourceContainerRootService""]","[""common/security/local_credential_provider.py"",""scripts/database/database_connection.py"",""scripts/sync/source_container_root_service.py""]","[""source_containers"",""sources""]",[],[],[],652,INCOMPLETE,2026-09-13 05:06:34.617284+00,null
scripts/code_testing/onedrive_formats.py,onedrive_formats.py,Python,Produces a read-only inventory of file formats present across the configured OneDrive Source of Truth.,[],"[""Change synchronization behavior."",""Extract or persist Knowledge Objects."",""Modify OneDrive."",""Write to the AlphaOmega database.""]",[],"[""build_format_inventory"",""get_display_path"",""get_extension"",""main"",""print_summary""]","[""collections.defaultdict"",""pathlib.Path"",""scripts.connectors.ms_graph.graph_connector.GraphConnector"",""scripts.extraction.text_extractor.TextExtractor""]","[""scripts/connectors/ms_graph/graph_connector.py"",""scripts/extraction/text_extractor.py""]",[],[],[],"[""File extensions present in OneDrive can be identified and counted."",""Supported and unsupported extraction formats can be inspected against"",""The production GraphConnector can enumerate the configured OneDrive."",""the live source inventory.""]",609,COMPLETE,2026-09-13 05:06:34.617284+00,null
scripts/code_testing/onedrive_live_inventory_folder.py,onedrive_live_inventory_folder.py,Python,Performs a live read-only inventory of a selected OneDrive folder using the production Microsoft Graph Connector.,[],"[""Create Knowledge Objects."",""Modify OneDrive."",""Perform Extraction or Load."",""Write to the AlphaOmega database.""]",[],"[""crawl_folder"",""find_folder"",""locate_target_folder"",""main"",""print_inventory""]","[""collections.Counter"",""scripts.connectors.ms_graph.graph_connector.GraphConnector""]","[""scripts/connectors/ms_graph/graph_connector.py""]",[],[],[],"[""Microsoft Graph results."",""Objects within the selected folder can be identified from live"",""Source inventory can be inspected without database persistence."",""The production GraphConnector can retrieve OneDrive inventory data.""]",373,COMPLETE,2026-09-13 05:06:34.617284+00,null
scripts/code_testing/onenote_live_inventory_section.py,onenote_live_inventory_section.py,Python,Performs a live read-only inventory of a selected OneNote section through Microsoft Graph.,[],"[""Create Knowledge Objects."",""Execute the synchronization pipeline."",""Modify OneNote."",""Write to the AlphaOmega database.""]",[],"[""find_named_object"",""get_collection"",""main""]","[""scripts.connectors.ms_graph.graph_connection.graph_get""]","[""scripts/connectors/ms_graph/graph_connection.py""]",[],[],[],"[""Live source inventory can be inspected without database persistence."",""Pages within the selected section can be identified."",""The configured OneNote hierarchy can be queried through Microsoft Graph.""]",405,COMPLETE,2026-09-13 05:06:34.617284+00,null
scripts/code_testing/test_alphaomega_container_reconciliation_live.py,test_alphaomega_container_reconciliation_live.py,Python,Validates Source Container reconciliation against the live persisted AlphaOmega OneDrive container catalog.,[],"[""Apply reconciliation results to the database."",""Create Knowledge Objects."",""Modify the Source Container Catalog."",""Perform content synchronization.""]",[],"[""main"",""select_subtree""]","[""common.security.local_credential_provider.LocalCredentialProvider"",""scripts.connectors.ms_graph.onedrive_container_enumerator.OneDriveContainerEnumerator"",""scripts.database.database_connection.DatabaseConnection"",""scripts.database.source_container_repository.SourceContainerRepository"",""scripts.database.source_repository.SourceRepository"",""scripts.sync.source_container_observation_validator.SourceContainerObservationValidator"",""scripts.sync.source_container_reconciler.SourceContainerReconciler""]","[""common/security/local_credential_provider.py"",""scripts/connectors/ms_graph/onedrive_container_enumerator.py"",""scripts/database/database_connection.py"",""scripts/database/source_container_repository.py"",""scripts/database/source_repository.py"",""scripts/sync/source_container_observation_validator.py"",""scripts/sync/source_container_reconciler.py""]",[],[],[],"[""Live OneDrive container observations can be enumerated and validated."",""Persisted Source Containers can be retrieved for comparison."",""Reconciliation correctly compares observed and persisted containers."",""Reconciliation produces the expected catalog change classifications.""]",436,COMPLETE,2026-09-13 05:06:34.617284+00,null
scripts/code_testing/test_content_retriever_router.py,test_content_retriever_router.py,Python,Validates selection behavior of the Extraction content retriever router.,[],"[""Connect to a live Source of Truth."",""Perform Extraction."",""Persist Knowledge Objects."",""Retrieve source content.""]",[],"[""main"",""test_missing_source"",""test_noncanonical_source_name"",""test_onedrive_routing"",""test_onenote_routing"",""test_unsupported_source""]","[""scripts.extraction.content_retriever_router.ContentRetrieverRouter"",""unittest.mock.Mock""]","[""scripts/extraction/content_retriever_router.py""]",[],[],[],"[""Retriever routing remains separate from content retrieval itself."",""Supported source and object combinations resolve to the appropriate"",""Unsupported retrieval requests are rejected as expected."",""content retriever.""]",171,COMPLETE,2026-09-13 05:06:34.617284+00,null
scripts/code_testing/test_credential_provider.py,test_credential_provider.py,Python,Validates the local AlphaOmega credential-provider implementation.,[],"[""Create or modify stored credentials."",""Expose credential values as test output."",""Test Microsoft Graph authentication."",""Test database connectivity.""]",[],"[""main""]","[""common.security.local_credential_provider.LocalCredentialProvider""]","[""common/security/local_credential_provider.py""]",[],[],[],"[""Credential retrieval follows the LocalCredentialProvider contract."",""Invalid credential names are rejected."",""Missing or unavailable credentials produce controlled failures."",""Valid logical credential names can be submitted for retrieval.""]",55,COMPLETE,2026-09-13 05:06:34.617284+00,null
scripts/code_testing/test_database_connection.py,test_database_connection.py,Python,Validates AlphaOmega database connectivity using the production database connection and credential boundaries.,[],"[""Modify Knowledge Objects."",""Modify database configuration or credentials."",""Test repository business operations."",""Test synchronization behavior.""]",[],"[""main""]","[""common.security.local_credential_provider.LocalCredentialProvider"",""scripts.database.database_connection.DatabaseConnection""]","[""common/security/local_credential_provider.py"",""scripts/database/database_connection.py""]","[""knowledge_objects""]",[],[],"[""Database connectivity works through the intended production boundary."",""DatabaseConnection can establish a usable database client."",""Required database credentials can be retrieved."",""The client can perform a read operation against knowledge_objects.""]",70,COMPLETE,2026-09-13 05:06:34.617284+00,null
scripts/code_testing/test_discovery_lock_enforcement.py,test_discovery_lock_enforcement.py,Python,Validates synchronization section locking at the Discovery boundary.,[],"[""Bypass synchronization section locking."",""Modify live source content."",""Perform Extraction or Load."",""Test Connector behavior.""]",[],"[""main""]","[""common.security.local_credential_provider.LocalCredentialProvider"",""datetime.datetime"",""datetime.timezone"",""scripts.database.database_connection.DatabaseConnection"",""scripts.database.knowledge_object_repository.KnowledgeObjectRepository"",""scripts.database.source_repository.SourceRepository"",""scripts.discovery.discovery_service.DiscoveryService"",""scripts.sync.sync_exceptions.SectionLockedError"",""scripts.translator.translator_record.TranslatorRecord"",""scripts.translator.translator_section.TranslatorSection""]","[""common/security/local_credential_provider.py"",""scripts/database/database_connection.py"",""scripts/database/knowledge_object_repository.py"",""scripts/database/source_repository.py"",""scripts/discovery/discovery_service.py"",""scripts/sync/sync_exceptions.py"",""scripts/translator/translator_record.py"",""scripts/translator/translator_section.py""]",[],[],[],"[""Attempts to violate the section-lock contract raise the expected"",""Completed synchronization sections cannot be modified after locking."",""Discovery accepts the required completed Translator input."",""Discovery preserves the synchronization framework's stage ownership"",""boundary."",""synchronization exception.""]",156,COMPLETE,2026-09-13 05:06:34.617284+00,null
scripts/code_testing/test_discovery_record_failure.py,test_discovery_record_failure.py,Python,Verifies Discovery record-level exception handling and orchestration correlation preservation.,[],"[""Modify source data."",""Perform Extraction or Load."",""Persist Knowledge Objects."",""Simulate a stage-level Discovery failure.""]","[""RecordFailureDiscoveryService""]","[""_discover_record"",""build_record"",""main""]","[""common.security.local_credential_provider.LocalCredentialProvider"",""datetime.datetime"",""datetime.timezone"",""scripts.database.database_connection.DatabaseConnection"",""scripts.database.knowledge_object_repository.KnowledgeObjectRepository"",""scripts.database.source_repository.SourceRepository"",""scripts.discovery.discovery_service.DiscoveryService"",""scripts.sync.sync_exceptions.DiscoveryRecordError"",""scripts.sync.sync_state.SyncState"",""scripts.translator.translator_record.TranslatorRecord"",""scripts.translator.translator_section.TranslatorSection"",""uuid.uuid4""]","[""common/security/local_credential_provider.py"",""scripts/database/database_connection.py"",""scripts/database/knowledge_object_repository.py"",""scripts/database/source_repository.py"",""scripts/discovery/discovery_service.py"",""scripts/sync/sync_exceptions.py"",""scripts/sync/sync_state.py"",""scripts/translator/translator_record.py"",""scripts/translator/translator_section.py""]",[],[],[],"[""Discovery can complete successfully despite the isolated record failure."",""One controlled DiscoveryRecordError fails only the affected record."",""Subsequent records continue processing after the record-level failure."",""Successful records preserve their own correlation UUIDs."",""The failed record's correlation UUID is preserved."",""The failure is recorded in DiscoverySection.record_errors.""]",342,COMPLETE,2026-09-13 05:06:34.617284+00,null
scripts/code_testing/test_discovery_repository_failure.py,test_discovery_repository_failure.py,Python,Verifies Discovery behavior when repository infrastructure fails.,[],"[""Modify the live Knowledge Object repository."",""Perform Extraction or Load."",""Test Connector or Translator behavior."",""Test record-level Discovery failure recovery.""]","[""FailingKnowledgeObjectRepository""]","[""find_by_source_identity"",""main""]","[""common.security.local_credential_provider.LocalCredentialProvider"",""datetime.datetime"",""datetime.timezone"",""scripts.database.database_connection.DatabaseConnection"",""scripts.database.source_repository.SourceRepository"",""scripts.discovery.discovery_service.DiscoveryService"",""scripts.sync.sync_exceptions.DiscoveryError"",""scripts.translator.translator_record.TranslatorRecord"",""scripts.translator.translator_section.TranslatorSection""]","[""common/security/local_credential_provider.py"",""scripts/database/database_connection.py"",""scripts/database/source_repository.py"",""scripts/discovery/discovery_service.py"",""scripts/sync/sync_exceptions.py"",""scripts/translator/translator_record.py"",""scripts/translator/translator_section.py""]",[],[],[],"[""An unexpected Knowledge Object repository failure terminates Discovery."",""DiscoveryError preserves the original repository exception as its cause."",""The preserved cause remains the controlled underlying failure."",""The repository failure is converted to a stage-level DiscoveryError.""]",160,COMPLETE,2026-09-13 05:06:34.617284+00,null
scripts/code_testing/test_discovery_service.py,test_discovery_service.py,Python,Provides comprehensive integration validation of the AlphaOmega Discovery stage against the live AlphaOmega repository.,[],"[""Modify source data."",""Perform Extraction or Load."",""Retrieve source content."",""Test Connector or Translator source retrieval behavior.""]",[],"[""build_translator_record"",""main"",""validate_correlation_identity"",""validate_existing_object_identity""]","[""common.security.local_credential_provider.LocalCredentialProvider"",""datetime.datetime"",""datetime.timezone"",""scripts.database.database_connection.DatabaseConnection"",""scripts.database.knowledge_object_repository.KnowledgeObjectRepository"",""scripts.database.source_repository.SourceRepository"",""scripts.discovery.discovery_service.DiscoveryService"",""scripts.sync.sync_state.SyncState"",""scripts.translator.translator_record.TranslatorRecord"",""scripts.translator.translator_section.TranslatorSection"",""uuid.uuid4""]","[""common/security/local_credential_provider.py"",""scripts/database/database_connection.py"",""scripts/database/knowledge_object_repository.py"",""scripts/database/source_repository.py"",""scripts/discovery/discovery_service.py"",""scripts/sync/sync_state.py"",""scripts/translator/translator_record.py"",""scripts/translator/translator_section.py""]",[],[],[],"[""Changes to name, parent, or source modification timestamp are"",""Combined comparison-field changes are classified MODIFIED."",""Correlation identity propagates through Discovery."",""DiscoverySection completes and locks correctly."",""Existing Knowledge Object identity is preserved where required."",""Existing unchanged objects are classified UNCHANGED."",""Extraction routing is set correctly from Discovery results."",""NEW objects are classified correctly."",""Non-comparison fields do not incorrectly cause MODIFIED."",""Nullable parent and timestamp comparisons behave correctly."",""classified MODIFIED.""]",929,COMPLETE,2026-09-13 05:06:34.617284+00,null
scripts/code_testing/test_discovery_source_cache.py,test_discovery_source_cache.py,Python,Verifies that Discovery resolves each Source of Truth only once during a Discovery run.,[],"[""Modify Source records."",""Perform Extraction or Load."",""Test Connector source enumeration."",""Test caching across separate Discovery runs.""]","[""CountingSourceRepository""]","[""__init__"",""build_record"",""find_id_by_name"",""main""]","[""common.security.local_credential_provider.LocalCredentialProvider"",""datetime.datetime"",""datetime.timezone"",""scripts.database.database_connection.DatabaseConnection"",""scripts.database.knowledge_object_repository.KnowledgeObjectRepository"",""scripts.database.source_repository.SourceRepository"",""scripts.discovery.discovery_service.DiscoveryService"",""scripts.translator.translator_record.TranslatorRecord"",""scripts.translator.translator_section.TranslatorSection""]","[""common/security/local_credential_provider.py"",""scripts/database/database_connection.py"",""scripts/database/knowledge_object_repository.py"",""scripts/database/source_repository.py"",""scripts/discovery/discovery_service.py"",""scripts/translator/translator_record.py"",""scripts/translator/translator_section.py""]",[],[],[],"[""Discovery reuses the resolved Source identity for subsequent records."",""Five OneNote TranslatorRecords produce five Discovery records."",""Multiple records from the same Source of Truth are processed normally."",""SourceRepository lookup for OneNote occurs exactly once during the run.""]",164,COMPLETE,2026-09-13 05:06:34.617284+00,null
scripts/code_testing/test_discovery_stage_failure.py,test_discovery_stage_failure.py,Python,Verifies Discovery stage-level failure behavior.,[],"[""Modify source data."",""Perform Extraction or Load."",""Register or modify Sources."",""Test recoverable record-level failures.""]",[],"[""main""]","[""common.security.local_credential_provider.LocalCredentialProvider"",""datetime.datetime"",""datetime.timezone"",""scripts.database.database_connection.DatabaseConnection"",""scripts.database.knowledge_object_repository.KnowledgeObjectRepository"",""scripts.database.source_repository.SourceRepository"",""scripts.discovery.discovery_service.DiscoveryService"",""scripts.sync.sync_exceptions.DiscoveryError"",""scripts.translator.translator_record.TranslatorRecord"",""scripts.translator.translator_section.TranslatorSection""]","[""common/security/local_credential_provider.py"",""scripts/database/database_connection.py"",""scripts/database/knowledge_object_repository.py"",""scripts/database/source_repository.py"",""scripts/discovery/discovery_service.py"",""scripts/sync/sync_exceptions.py"",""scripts/translator/translator_record.py"",""scripts/translator/translator_section.py""]",[],[],[],"[""A stage-level failure terminates Discovery rather than continuing"",""An unregistered Source of Truth causes Discovery to fail."",""The failure is raised as a DiscoveryError."",""record processing.""]",126,COMPLETE,2026-09-13 05:06:34.617284+00,null
scripts/code_testing/test_extraction_foundation.py,test_extraction_foundation.py,Python,Validates the foundational Extraction record and section contracts.,[],"[""Execute the complete ExtractionService."",""Perform Load."",""Persist Knowledge Objects."",""Retrieve live source content.""]",[],"[""main"",""test_content_hasher"",""test_extraction_record"",""test_extraction_section"",""test_plain_text_extraction"",""test_text_extractor_support"",""test_unsupported_format""]","[""scripts.extraction.content_hasher.ContentHasher"",""scripts.extraction.extraction_record.ExtractionRecord"",""scripts.extraction.extraction_section.ExtractionSection"",""scripts.extraction.text_extractor.TextExtractor"",""scripts.sync.sync_exceptions.SectionLockedError""]","[""scripts/extraction/content_hasher.py"",""scripts/extraction/extraction_record.py"",""scripts/extraction/extraction_section.py"",""scripts/extraction/text_extractor.py"",""scripts/sync/sync_exceptions.py""]",[],[],[],"[""Completed Extraction output can be locked against modification."",""ExtractionRecord stores canonical extracted content and metadata."",""ExtractionRecord validates required Extraction data."",""ExtractionSection follows the shared synchronization section contract."",""ExtractionSection stores Extraction records and record-level errors.""]",175,COMPLETE,2026-09-13 05:06:34.617284+00,null
scripts/code_testing/test_extraction_record_validation.py,test_extraction_record_validation.py,Python,Validates required-field and value validation performed by ExtractionRecord.,[],"[""Execute ExtractionService."",""Perform Load."",""Persist Knowledge Objects."",""Retrieve source content.""]",[],"[""build_valid_record"",""main"",""test_empty_canonical_content"",""test_missing_canonical_content"",""test_missing_content_hash"",""test_non_hexadecimal_hash"",""test_valid_record"",""test_wrong_hash_length""]","[""scripts.extraction.extraction_record.ExtractionRecord""]","[""scripts/extraction/extraction_record.py""]",[],[],[],"[""Canonical content and extraction metadata must satisfy the record"",""Missing or invalid required Extraction fields are rejected."",""Valid ExtractionRecord data passes validation."",""contract before downstream processing.""]",221,COMPLETE,2026-09-13 05:06:34.617284+00,null
scripts/code_testing/test_extraction_service.py,test_extraction_service.py,Python,Validates ExtractionService behavior without making live source-system requests.,[],"[""Make live source-system requests."",""Perform Discovery."",""Perform Load."",""Persist Knowledge Objects.""]","[""BrokenBatch""]","[""__iter__"",""build_input"",""main"",""test_missing_batch_is_stage_failure"",""test_missing_required_record_input"",""test_onedrive_extraction"",""test_onenote_extraction"",""test_record_failure_continues_batch"",""test_section_locking"",""test_unexpected_stage_failure""]","[""scripts.extraction.extraction_service.ExtractionService"",""scripts.sync.sync_exceptions.ExtractionError"",""types.SimpleNamespace"",""unittest.mock.Mock"",""uuid.uuid4""]","[""scripts/extraction/extraction_service.py"",""scripts/sync/sync_exceptions.py""]",[],[],[],"[""ExtractionSection is locked after successful stage completion."",""Failed records preserve their correlation identity."",""Missing or invalid batch input produces a stage-level failure."",""Missing required record input is handled correctly."",""OneDrive extraction retrieves, extracts, hashes, and returns canonical"",""OneNote extraction routes HTML through the appropriate extraction path."",""Record-level failures remain isolated from other records in the batch."",""Successful records preserve orchestration correlation identity."",""Unexpected stage failures are converted to ExtractionError."",""content.""]",577,COMPLETE,2026-09-13 05:06:34.617284+00,null
scripts/code_testing/test_graph_connection.py,test_graph_connection.py,Python,Validates the production Microsoft Graph connection through a live authenticated request.,[],"[""Enumerate a complete Source of Truth."",""Execute synchronization."",""Modify Microsoft Graph source data."",""Write to the AlphaOmega database.""]",[],"[""test_graph_connection""]","[""scripts.connectors.ms_graph.graph_connection.graph_get""]","[""scripts/connectors/ms_graph/graph_connection.py""]",[],[],[],"[""An access token can be obtained."",""An authenticated Microsoft Graph request can be sent."",""Authentication through MSAL succeeds."",""Microsoft Graph configuration can be loaded."",""Microsoft Graph returns a valid HTTP response."",""Returned JSON can be parsed.""]",46,COMPLETE,2026-09-13 05:06:34.617284+00,null
scripts/code_testing/test_graph_connector.py,test_graph_connector.py,Python,Validates complete Connector enumeration for the supported Microsoft Graph Sources of Truth.,[],"[""Modify Microsoft Graph source data."",""Perform Discovery, Extraction, or Load."",""Perform Translation."",""Write to the AlphaOmega database.""]",[],"[""print_connector_summary"",""test_onedrive_connector"",""test_onenote_connector""]","[""collections.Counter"",""scripts.connectors.ms_graph.graph_connector.GraphConnector""]","[""scripts/connectors/ms_graph/graph_connector.py""]",[],[],[],"[""Connector processing completes without involving downstream stages."",""Connector results can be summarized by canonical object type."",""OneDrive can be completely enumerated through GraphConnector."",""OneNote can be completely enumerated through GraphConnector.""]",102,COMPLETE,2026-09-13 05:06:34.617284+00,null
scripts/code_testing/test_graph_content_retrievers.py,test_graph_content_retrievers.py,Python,Validates OneDrive and OneNote content retrievers without making live Microsoft Graph requests.,[],"[""Enumerate OneDrive or OneNote."",""Make live Microsoft Graph requests."",""Perform Extraction or Load."",""Persist Knowledge Objects.""]",[],"[""main"",""test_onedrive_missing_id"",""test_onedrive_retrieval"",""test_onenote_container_rejected"",""test_onenote_missing_id"",""test_onenote_missing_object_type"",""test_onenote_retrieval""]","[""common.object_types.CONTAINER"",""common.object_types.CONTENT"",""scripts.connectors.ms_graph.onedrive_content_retriever.OneDriveContentRetriever"",""scripts.connectors.ms_graph.onenote_content_retriever.OneNoteContentRetriever"",""unittest.mock.Mock"",""unittest.mock.patch""]","[""common/object_types.py"",""scripts/connectors/ms_graph/onedrive_content_retriever.py"",""scripts/connectors/ms_graph/onenote_content_retriever.py""]",[],[],[],"[""Missing OneDrive source object identity is rejected."",""Missing OneNote canonical object type is rejected."",""Missing OneNote source object identity is rejected."",""OneDrive content can be retrieved for a valid source object ID."",""OneNote CONTAINER objects are rejected from content retrieval."",""OneNote CONTENT can be retrieved for a valid source object ID."",""Retriever behavior uses AlphaOmega canonical object types downstream"",""of Translator.""]",231,COMPLETE,2026-09-13 05:06:34.617284+00,null
scripts/code_testing/test_graph_discovery_pipeline_sample.py,test_graph_discovery_pipeline_sample.py,Python,"Validates a small deterministic live AlphaOmega pipeline from Microsoft Graph through Connector, Translator, and Discovery.",[],"[""Insert, update, or delete Knowledge Objects."",""Modify Microsoft Graph source data."",""Perform Extraction."",""Perform Load.""]",[],"[""add_notebook"",""build_connector_section"",""crawl"",""expected_name"",""find_exact_object"",""get_onedrive_sample"",""get_onenote_notebook"",""get_onenote_sample"",""main"",""print_discovery_summary"",""print_failures"",""run_pipeline"",""validate_discovery"",""validate_translator""]","[""collections.Counter"",""common.security.local_credential_provider.LocalCredentialProvider"",""pprint.pprint"",""scripts.connectors.connector_section.ConnectorSection"",""scripts.connectors.ms_graph.graph_connector.GraphConnector"",""scripts.database.database_connection.DatabaseConnection"",""scripts.database.knowledge_object_repository.KnowledgeObjectRepository"",""scripts.database.source_repository.SourceRepository"",""scripts.discovery.discovery_service.DiscoveryService"",""scripts.sync.sync_state.SyncState"",""scripts.translator.graph_translator.GraphTranslator""]","[""common/security/local_credential_provider.py"",""scripts/connectors/connector_section.py"",""scripts/connectors/ms_graph/graph_connector.py"",""scripts/database/database_connection.py"",""scripts/database/knowledge_object_repository.py"",""scripts/database/source_repository.py"",""scripts/discovery/discovery_service.py"",""scripts/sync/sync_state.py"",""scripts/translator/graph_translator.py""]",[],[],[],"[""Connector output completes and locks correctly."",""Discovery operates against real Translator output."",""Discovery output completes and locks correctly."",""Discovery produces only NEW, MODIFIED, or UNCHANGED states."",""Existing Knowledge Object identity and previous content hash are"",""Knowledge Object comparison executes through"",""KnowledgeObjectRepository."",""NEW and MODIFIED records require Extraction."",""Sample Microsoft Graph source retrieval completes successfully."",""Source identity resolves through SourceRepository."",""Successfully translated records receive a Discovery result or a"",""Translator accounts for Connector objects and locks its output."",""UNCHANGED records do not require Extraction."",""preserved."",""record-level Discovery error.""]",1407,COMPLETE,2026-09-13 05:06:34.617284+00,null
scripts/code_testing/test_graph_pipeline_sample.py,test_graph_pipeline_sample.py,Python,"Provides a deterministic Connector to synchronization correlation to Translator regression test using small, known Microsoft Graph datasets.",[],"[""Enumerate the complete OneDrive or complete OneNote Source of Truth."",""Perform Discovery."",""Perform Extraction or Load."",""Persist Knowledge Objects.""]",[],"[""add_notebook"",""build_connector_section"",""crawl"",""expected_name"",""expected_type"",""find_exact_object"",""get_onedrive_sample"",""get_onenote_notebook"",""get_onenote_sample"",""get_unique_record"",""main"",""print_inventory"",""print_result"",""print_translator_output"",""validate_correlation_input"",""validate_games_hierarchy"",""validate_non_contiguous_hierarchy"",""validate_pipeline"",""validate_untitled_pages""]","[""collections.Counter"",""pprint.pprint"",""scripts.connectors.connector_section.ConnectorSection"",""scripts.connectors.ms_graph.graph_connector.GraphConnector"",""scripts.sync.sync_translation_input.TranslationInput"",""scripts.translator.graph_translator.GraphTranslator"",""uuid.UUID""]","[""scripts/connectors/connector_section.py"",""scripts/connectors/ms_graph/graph_connector.py"",""scripts/sync/sync_translation_input.py"",""scripts/translator/graph_translator.py""]",[],[],[],"[""Blank OneNote page titles become Untitled."",""Connector raw objects remain unchanged by synchronization preparation."",""ConnectorSection remains locked."",""Created and modified timestamps are preserved."",""Deep OneDrive traversal is preserved."",""Every Connector object receives one valid and unique correlation UUID."",""Names and canonical object types are translated correctly."",""Selected OneDrive and OneNote test scopes are retrieved completely."",""Source hierarchy paths are preserved."",""Source object and immediate parent identities are preserved."",""Standard and non-contiguous OneNote child-page relationships are"",""TranslatorRecord preserves its assigned correlation UUID."",""preserved.""]",1858,COMPLETE,2026-09-13 05:06:34.617284+00,null
scripts/code_testing/test_graph_translator_onedrive.py,test_graph_translator_onedrive.py,Python,Validates the complete Microsoft Graph OneDrive Connector to Translator integration against the entire OneDrive Source of Truth.,[],"[""Modify OneDrive source data."",""Perform Discovery."",""Perform Extraction or Load."",""Persist Knowledge Objects.""]",[],"[""add_failure"",""expected_object_type"",""expected_parent_id"",""expected_source_path"",""main"",""print_failure"",""validate""]","[""collections.Counter"",""collections.abc.Mapping"",""scripts.connectors.ms_graph.graph_connector.GraphConnector"",""scripts.translator.graph_translator.GraphTranslator""]","[""scripts/connectors/ms_graph/graph_connector.py"",""scripts/translator/graph_translator.py""]",[],[],[],"[""Connector enumeration is complete."",""Connector processing completes successfully."",""Created and modified timestamps match Microsoft Graph."",""Every Connector object is accounted for."",""Names match Microsoft Graph."",""OneDrive files become CONTENT."",""OneDrive folders become CONTAINER."",""Parent object IDs match Microsoft Graph."",""Source object IDs match Microsoft Graph."",""Source paths match Microsoft Graph when provided."",""Translator processing completes successfully."",""Translator record errors are reported.""]",617,COMPLETE,2026-09-13 05:06:34.617284+00,null
scripts/code_testing/test_graph_translator_onenote.py,test_graph_translator_onenote.py,Python,Validates the complete Microsoft Graph OneNote Connector to Translator integration against the entire OneNote Source of Truth.,[],"[""Modify OneNote source data."",""Perform Discovery."",""Perform Extraction or Load."",""Persist Knowledge Objects.""]",[],"[""add_failure"",""expected_name"",""expected_object_type"",""main"",""print_failure"",""validate""]","[""collections.Counter"",""collections.abc.Mapping"",""scripts.connectors.ms_graph.graph_connector.GraphConnector"",""scripts.translator.graph_translator.GraphTranslator""]","[""scripts/connectors/ms_graph/graph_connector.py"",""scripts/translator/graph_translator.py""]",[],[],[],"[""Blank OneNote page titles become Untitled."",""Connector enumeration is complete."",""Connector hierarchy remains marked as verified."",""Connector processing completes successfully."",""Connector-proven parent relationships survive Translation."",""Connector-proven source paths survive Translation."",""Created and modified timestamps match Microsoft Graph."",""Every Connector object is accounted for."",""Names match Microsoft Graph."",""Notebooks become CONTAINER."",""Pages become CONTENT."",""Section groups become CONTAINER."",""Sections become CONTAINER."",""Source object IDs match Microsoft Graph."",""Translator processing completes successfully."",""Translator record errors are reported.""]",782,COMPLETE,2026-09-13 05:06:34.617284+00,null
scripts/code_testing/test_knowledge_object_repository.py,test_knowledge_object_repository.py,Python,Validates KnowledgeObjectRepository operations against the AlphaOmega database.,[],"[""Execute synchronization orchestration."",""Perform Discovery."",""Perform Extraction or Load."",""Retrieve content from a Source of Truth.""]",[],"[""main""]","[""common.security.local_credential_provider.LocalCredentialProvider"",""scripts.database.database_connection.DatabaseConnection"",""scripts.database.knowledge_object_repository.KnowledgeObjectRepository""]","[""common/security/local_credential_provider.py"",""scripts/database/database_connection.py"",""scripts/database/knowledge_object_repository.py""]",[],[],[],"[""Existing Knowledge Objects can be updated."",""Knowledge Objects can be created through the repository."",""Knowledge Objects can be found by source identity."",""Repository operations preserve the expected Knowledge Object identity"",""and persisted values.""]",103,COMPLETE,2026-09-13 05:06:34.617284+00,null
scripts/code_testing/test_live_discovery_unchanged.py,test_live_discovery_unchanged.py,Python,Validates the Discovery UNCHANGED path against live persisted AlphaOmega data.,[],"[""Modify Knowledge Objects."",""Modify source data."",""Perform Extraction."",""Perform Load.""]",[],"[""build_database_infrastructure"",""build_translator_record"",""build_translator_section"",""get_existing_knowledge_object"",""main"",""validate_unchanged_record""]","[""common.security.local_credential_provider.LocalCredentialProvider"",""scripts.database.database_connection.DatabaseConnection"",""scripts.database.knowledge_object_repository.KnowledgeObjectRepository"",""scripts.database.source_repository.SourceRepository"",""scripts.discovery.discovery_service.DiscoveryService"",""scripts.sync.sync_state.SyncState"",""types.SimpleNamespace"",""uuid.uuid4""]","[""common/security/local_credential_provider.py"",""scripts/database/database_connection.py"",""scripts/database/knowledge_object_repository.py"",""scripts/database/source_repository.py"",""scripts/discovery/discovery_service.py"",""scripts/sync/sync_state.py""]",[],[],[],"[""A live translated source object can be compared with its existing"",""Discovery classifies matching source and persisted facts as UNCHANGED."",""Existing Knowledge Object identity is preserved."",""Knowledge Object."",""UNCHANGED records do not require Extraction.""]",787,COMPLETE,2026-09-13 05:06:34.617284+00,null
scripts/code_testing/test_live_graph_extraction.py,test_live_graph_extraction.py,Python,Validates Extraction against live content retrieved from Microsoft Graph.,[],"[""Execute the complete synchronization pipeline."",""Modify Microsoft Graph source data."",""Perform Load."",""Persist Knowledge Objects.""]",[],"[""build_extraction_input"",""main"",""test_live_onedrive_extraction"",""test_live_onenote_extraction"",""validate_extraction_section""]","[""scripts.extraction.extraction_service.ExtractionService"",""types.SimpleNamespace""]","[""scripts/extraction/extraction_service.py""]",[],[],[],"[""Canonical extracted content is produced from the live source object."",""Extraction produces the metadata required for downstream Load."",""ExtractionService can process the retrieved source content."",""Live source content can be retrieved for controlled test objects.""]",293,COMPLETE,2026-09-13 05:06:34.617284+00,null
scripts/code_testing/test_live_graph_load.py,test_live_graph_load.py,Python,Validates the NEW Load path using controlled live Microsoft Graph source objects and the AlphaOmega database.,[],"[""Modify Microsoft Graph source content."",""Perform broad Source of Truth synchronization."",""Test the MODIFIED Load path."",""Test the UNCHANGED synchronization path.""]",[],"[""build_association"",""build_database_infrastructure"",""build_discovery_record"",""build_translator_record"",""complete_test_processing_job"",""create_test_processing_job"",""extract_live_target"",""fail_test_processing_job"",""main"",""verify_knowledge_object"",""verify_sync_history"",""verify_target_is_new""]","[""common.security.local_credential_provider.LocalCredentialProvider"",""datetime.datetime"",""datetime.timezone"",""scripts.database.database_connection.DatabaseConnection"",""scripts.database.knowledge_object_repository.KnowledgeObjectRepository"",""scripts.database.source_repository.SourceRepository"",""scripts.extraction.extraction_service.ExtractionService"",""scripts.load.load_repository.LoadRepository"",""scripts.load.load_service.LoadService"",""scripts.sync.sync_association.SynchronizationAssociation"",""scripts.sync.sync_state.SyncState"",""types.SimpleNamespace"",""uuid.uuid4""]","[""common/security/local_credential_provider.py"",""scripts/database/database_connection.py"",""scripts/database/knowledge_object_repository.py"",""scripts/database/source_repository.py"",""scripts/extraction/extraction_service.py"",""scripts/load/load_repository.py"",""scripts/load/load_service.py"",""scripts/sync/sync_association.py"",""scripts/sync/sync_state.py""]","[""knowledge_objects"",""processing_jobs"",""sync_history""]",[],[],"[""Controlled live source objects are absent from knowledge_objects before"",""Live source content can be extracted for Load."",""NEW Knowledge Objects can be persisted through LoadService."",""NEW processing begins."",""NEW synchronization history events are recorded."",""Persisted Knowledge Objects contain the expected synchronized data."",""Processing Job state can be completed for successful test processing.""]",1151,COMPLETE,2026-09-13 05:06:34.617284+00,null
scripts/code_testing/test_live_modified.py,test_live_modified.py,Python,Validates the targeted live AlphaOmega MODIFIED synchronization path for controlled OneDrive and OneNote content.,[],"[""Modify OneDrive or OneNote source content."",""Perform broad OneDrive or OneNote synchronization."",""Test the NEW synchronization path."",""Test the UNCHANGED synchronization path.""]",[],"[""build_association"",""build_connector_section"",""build_database_infrastructure"",""complete_processing_job"",""create_processing_job"",""extract_target"",""fail_processing_job"",""get_existing_knowledge_object"",""get_onedrive_target"",""get_onenote_target"",""main"",""run_discovery"",""translate_target"",""verify_modified_sync_history"",""verify_updated_knowledge_object""]","[""common.security.local_credential_provider.LocalCredentialProvider"",""datetime.datetime"",""datetime.timezone"",""scripts.connectors.connector_section.ConnectorSection"",""scripts.connectors.ms_graph.graph_connector.GraphConnector"",""scripts.database.database_connection.DatabaseConnection"",""scripts.database.knowledge_object_repository.KnowledgeObjectRepository"",""scripts.database.source_repository.SourceRepository"",""scripts.discovery.discovery_service.DiscoveryService"",""scripts.extraction.extraction_service.ExtractionService"",""scripts.load.load_repository.LoadRepository"",""scripts.load.load_service.LoadService"",""scripts.sync.sync_association.SynchronizationAssociation"",""scripts.sync.sync_state.SyncState"",""scripts.sync.sync_translation_input.TranslationInput"",""scripts.translator.graph_translator.GraphTranslator"",""uuid.uuid4""]","[""common/security/local_credential_provider.py"",""scripts/connectors/connector_section.py"",""scripts/connectors/ms_graph/graph_connector.py"",""scripts/database/database_connection.py"",""scripts/database/knowledge_object_repository.py"",""scripts/database/source_repository.py"",""scripts/discovery/discovery_service.py"",""scripts/extraction/extraction_service.py"",""scripts/load/load_repository.py"",""scripts/load/load_service.py"",""scripts/sync/sync_association.py"",""scripts/sync/sync_state.py"",""scripts/sync/sync_translation_input.py"",""scripts/translator/graph_translator.py""]","[""knowledge_objects"",""processing_jobs"",""sync_history""]",[],[],"[""Discovery classifies changed source objects as MODIFIED."",""Existing target Knowledge Objects can be resolved before processing."",""Live OneDrive and OneNote source objects can be retrieved and translated."",""Load updates the existing Knowledge Object rather than creating a new"",""MODIFIED records proceed through Extraction."",""MODIFIED synchronization history is recorded."",""Processing Job state reflects successful or failed processing."",""identity.""]",1600,COMPLETE,2026-09-13 05:06:34.617284+00,null
scripts/code_testing/test_live_source_container_validation.py,test_live_source_container_validation.py,Python,Verifies that persisted AlphaOmega Source Container identities can be validated against their live Sources of Truth.,[],"[""Create Processing Jobs."",""Create Synchronization Runs."",""Execute synchronization."",""Modify the AlphaOmega database."",""Refresh the Source Container Catalog."",""Reserve synchronization."",""Retrieve synchronization content.""]",[],"[""get_source_by_name"",""main"",""require"",""select_active_container"",""validate_source""]","[""common.security.local_credential_provider.LocalCredentialProvider"",""scripts.connectors.ms_graph.onedrive_container_validator.OneDriveContainerValidator"",""scripts.connectors.ms_graph.onenote_container_validator.OneNoteContainerValidator"",""scripts.connectors.source_container_validator.SourceContainerValidator"",""scripts.database.database_connection.DatabaseConnection"",""scripts.database.source_container_repository.SourceContainerRepository"",""scripts.database.source_repository.SourceRepository""]","[""common/security/local_credential_provider.py"",""scripts/connectors/ms_graph/onedrive_container_validator.py"",""scripts/connectors/ms_graph/onenote_container_validator.py"",""scripts/connectors/source_container_validator.py"",""scripts/database/database_connection.py"",""scripts/database/source_container_repository.py"",""scripts/database/source_repository.py""]",[],[],[],"[""AlphaOmega identity to Microsoft Graph identity."",""An active persisted OneDrive Source Container can be resolved from"",""An active persisted OneNote Source Container can be resolved from"",""Generic Source Container validation routes both Sources correctly."",""The persisted OneDrive Microsoft Graph object still exists as a folder."",""The persisted OneNote Microsoft Graph object still exists in a complete"",""current OneNote container observation.""]",332,COMPLETE,2026-09-13 05:06:34.617284+00,null
scripts/code_testing/test_live_sync_orchestrator_modified.py,test_live_sync_orchestrator_modified.py,Python,Validates a targeted live end-to-end MODIFIED synchronization run conducted by SynchronizationOrchestrator for one known OneDrive object.,[],"[""Modify the OneDrive source object."",""Synchronize the complete OneDrive Source of Truth."",""Test the NEW synchronization path."",""Test the UNCHANGED synchronization path.""]","[""TargetedOneDriveConnector""]","[""build_live_orchestrator"",""get_existing_knowledge_object"",""main"",""run"",""verify_database_result"",""verify_processing_job""]","[""common.security.local_credential_provider.LocalCredentialProvider"",""scripts.connectors.connector_section.ConnectorSection"",""scripts.connectors.ms_graph.graph_connector.GraphConnector"",""scripts.database.database_connection.DatabaseConnection"",""scripts.database.knowledge_object_repository.KnowledgeObjectRepository"",""scripts.database.processing_job_repository.ProcessingJobRepository"",""scripts.database.source_repository.SourceRepository"",""scripts.discovery.discovery_service.DiscoveryService"",""scripts.extraction.extraction_service.ExtractionService"",""scripts.load.load_repository.LoadRepository"",""scripts.load.load_service.LoadService"",""scripts.orchestration.sync_orchestrator.SynchronizationOrchestrator"",""scripts.sync.sync_state.SyncState"",""scripts.translator.graph_translator.GraphTranslator""]","[""common/security/local_credential_provider.py"",""scripts/connectors/connector_section.py"",""scripts/connectors/ms_graph/graph_connector.py"",""scripts/database/database_connection.py"",""scripts/database/knowledge_object_repository.py"",""scripts/database/processing_job_repository.py"",""scripts/database/source_repository.py"",""scripts/discovery/discovery_service.py"",""scripts/extraction/extraction_service.py"",""scripts/load/load_repository.py"",""scripts/load/load_service.py"",""scripts/orchestration/sync_orchestrator.py"",""scripts/sync/sync_state.py"",""scripts/translator/graph_translator.py""]","[""knowledge_objects"",""processing_jobs"",""sync_history""]",[],[],"[""Discovery classifies the controlled object as MODIFIED."",""Eligible MODIFIED content proceeds through Extraction and Load."",""Synchronization history records the expected persistence event."",""SynchronizationOrchestrator executes the production synchronization"",""The Processing Job completes successfully with the expected sync"",""The controlled OneDrive target begins with an existing Knowledge Object."",""The existing Knowledge Object is updated rather than assigned a new"",""identity."",""process type and pipeline version."",""stages for exactly one targeted OneDrive object.""]",1051,COMPLETE,2026-09-13 05:06:34.617284+00,null
scripts/code_testing/test_live_sync_orchestrator_onenote_modified.py,test_live_sync_orchestrator_onenote_modified.py,Python,Validates a targeted live end-to-end MODIFIED synchronization run conducted by SynchronizationOrchestrator for one known OneNote page.,[],"[""Modify the OneNote source page."",""Synchronize the complete OneNote Source of Truth."",""Test the NEW synchronization path."",""Test the UNCHANGED synchronization path.""]","[""TargetedOneNoteConnector""]","[""build_live_orchestrator"",""get_existing_knowledge_object"",""main"",""run"",""verify_database_result"",""verify_processing_job""]","[""common.security.local_credential_provider.LocalCredentialProvider"",""scripts.connectors.connector_section.ConnectorSection"",""scripts.connectors.ms_graph.graph_connector.GraphConnector"",""scripts.database.database_connection.DatabaseConnection"",""scripts.database.knowledge_object_repository.KnowledgeObjectRepository"",""scripts.database.processing_job_repository.ProcessingJobRepository"",""scripts.database.source_repository.SourceRepository"",""scripts.discovery.discovery_service.DiscoveryService"",""scripts.extraction.extraction_service.ExtractionService"",""scripts.load.load_repository.LoadRepository"",""scripts.load.load_service.LoadService"",""scripts.orchestration.sync_orchestrator.SynchronizationOrchestrator"",""scripts.sync.sync_state.SyncState"",""scripts.translator.graph_translator.GraphTranslator""]","[""common/security/local_credential_provider.py"",""scripts/connectors/connector_section.py"",""scripts/connectors/ms_graph/graph_connector.py"",""scripts/database/database_connection.py"",""scripts/database/knowledge_object_repository.py"",""scripts/database/processing_job_repository.py"",""scripts/database/source_repository.py"",""scripts/discovery/discovery_service.py"",""scripts/extraction/extraction_service.py"",""scripts/load/load_repository.py"",""scripts/load/load_service.py"",""scripts/orchestration/sync_orchestrator.py"",""scripts/sync/sync_state.py"",""scripts/translator/graph_translator.py""]","[""knowledge_objects"",""processing_jobs"",""sync_history""]",[],[],"[""Discovery classifies the controlled page as MODIFIED."",""Eligible MODIFIED content proceeds through Extraction and Load."",""SynchronizationOrchestrator executes the production synchronization"",""The Processing Job completes successfully."",""The controlled OneNote target begins with an existing Knowledge Object."",""The existing Knowledge Object is updated rather than assigned a new"",""The resulting database state is verified after orchestration."",""identity."",""stages for exactly one targeted OneNote page.""]",1216,COMPLETE,2026-09-13 05:06:34.617284+00,null
scripts/code_testing/test_live_sync_orchestrator_onenote_same_hash.py,test_live_sync_orchestrator_onenote_same_hash.py,Python,Validates the live orchestration path where OneNote metadata causes Discovery to report MODIFIED but Extraction produces the same canonical content hash already stored for the Knowledge Object.,[],"[""Create a synchronization history event for the unchanged Knowledge"",""Modify the OneNote source page."",""Object."",""Synchronize the complete OneNote Source of Truth."",""Update the controlled Knowledge Object when canonical content is"",""unchanged.""]","[""TargetedOneNoteConnector""]","[""build_live_orchestrator"",""get_existing_knowledge_object"",""main"",""run"",""verify_database_unchanged"",""verify_processing_job""]","[""common.security.local_credential_provider.LocalCredentialProvider"",""scripts.connectors.connector_section.ConnectorSection"",""scripts.connectors.ms_graph.graph_connector.GraphConnector"",""scripts.database.database_connection.DatabaseConnection"",""scripts.database.knowledge_object_repository.KnowledgeObjectRepository"",""scripts.database.processing_job_repository.ProcessingJobRepository"",""scripts.database.source_repository.SourceRepository"",""scripts.discovery.discovery_service.DiscoveryService"",""scripts.extraction.extraction_service.ExtractionService"",""scripts.load.load_repository.LoadRepository"",""scripts.load.load_service.LoadService"",""scripts.orchestration.sync_orchestrator.SynchronizationOrchestrator"",""scripts.sync.sync_state.SyncState"",""scripts.translator.graph_translator.GraphTranslator""]","[""common/security/local_credential_provider.py"",""scripts/connectors/connector_section.py"",""scripts/connectors/ms_graph/graph_connector.py"",""scripts/database/database_connection.py"",""scripts/database/knowledge_object_repository.py"",""scripts/database/processing_job_repository.py"",""scripts/database/source_repository.py"",""scripts/discovery/discovery_service.py"",""scripts/extraction/extraction_service.py"",""scripts/load/load_repository.py"",""scripts/load/load_service.py"",""scripts/orchestration/sync_orchestrator.py"",""scripts/sync/sync_state.py"",""scripts/translator/graph_translator.py""]","[""knowledge_objects"",""processing_jobs"",""sync_history""]",[],[],"[""A changed parent Section timestamp can cause the controlled OneNote"",""Discovery classifies the controlled page as MODIFIED."",""Extraction executes for the MODIFIED record."",""Extraction produces the same canonical content hash already stored."",""Knowledge Object."",""No new synchronization history event is created for the controlled"",""SynchronizationOrchestrator stops the record before Load when the"",""The Processing Job still completes successfully."",""The existing Knowledge Object remains unchanged."",""Translator uses the parent Section modification timestamp as the"",""canonical content hash is unchanged."",""page to enter the MODIFIED path."",""page's source_modified_at.""]",1294,COMPLETE,2026-09-13 05:06:34.617284+00,null
scripts/code_testing/test_live_synchronization_execution_onedrive.py,test_live_synchronization_execution_onedrive.py,Python,Perform a substantial live production synchronization against the top-level OneDrive folder named AIOS. Selection rule: Multiple folders named AIOS may exist. The test resolves every active AIOS Source Container through live Microsoft Graph and selects only the AIOS folder whose parentReference.path identifies the OneDrive root.,[],"[""Delete execution evidence."",""Guess between duplicate AIOS folder names."",""Synchronize Entire OneDrive."",""Use the AlphaOmega Source Root as the synchronization target.""]",[],"[""build_orchestrator"",""count_catalog_descendants"",""create_database"",""is_drive_root_parent_path"",""load_processing_job"",""load_sync_run"",""main"",""resolve_onedrive_source"",""resolve_top_level_aios_container""]","[""common.security.local_credential_provider.LocalCredentialProvider"",""scripts.application.synchronization_connector_service.SynchronizationConnectorService"",""scripts.application.synchronization_execution_service.SynchronizationExecutionService"",""scripts.connectors.ms_graph.graph_connector.GraphConnector"",""scripts.database.database_connection.DatabaseConnection"",""scripts.database.knowledge_object_repository.KnowledgeObjectRepository"",""scripts.database.processing_job_repository.ProcessingJobRepository"",""scripts.database.source_repository.SourceRepository"",""scripts.database.synchronization_reservation_repository.SynchronizationReservationRepository"",""scripts.discovery.discovery_service.DiscoveryService"",""scripts.extraction.extraction_service.ExtractionService"",""scripts.load.load_repository.LoadRepository"",""scripts.load.load_service.LoadService"",""scripts.orchestration.sync_orchestrator.SynchronizationOrchestrator"",""scripts.sync.source_container_root_service.SourceContainerRootService"",""scripts.translator.graph_translator.GraphTranslator""]","[""common/security/local_credential_provider.py"",""scripts/application/synchronization_connector_service.py"",""scripts/application/synchronization_execution_service.py"",""scripts/connectors/ms_graph/graph_connector.py"",""scripts/database/database_connection.py"",""scripts/database/knowledge_object_repository.py"",""scripts/database/processing_job_repository.py"",""scripts/database/source_repository.py"",""scripts/database/synchronization_reservation_repository.py"",""scripts/discovery/discovery_service.py"",""scripts/extraction/extraction_service.py"",""scripts/load/load_repository.py"",""scripts/load/load_service.py"",""scripts/orchestration/sync_orchestrator.py"",""scripts/sync/source_container_root_service.py"",""scripts/translator/graph_translator.py""]","[""processing_jobs"",""source_containers"",""sources"",""sync_runs""]",[],[],"[""Real file content is extracted."",""The AlphaOmega synthetic Source Root is never selected."",""The Processing Job and Synchronization Run persist successfully."",""The enabled OneDrive Source can be resolved."",""The real atomic synchronization reservation is used."",""The real bounded OneDrive scoped Connector is used."",""The reserved Processing Job reaches SynchronizationOrchestrator."",""The top-level AIOS Source Container can be identified unambiguously."",""Translator, Discovery, Extraction, and Load execute.""]",949,COMPLETE,2026-09-13 05:06:34.617284+00,null
scripts/code_testing/test_live_synchronization_execution_onenote.py,test_live_synchronization_execution_onenote.py,Python,Validates the production synchronization execution path against one bounded OneNote Container using live Microsoft Graph and the live AlphaOmega database.,[],"[""Delete synchronization evidence after completion."",""Synchronize Entire OneNote."",""Synchronize OneDrive."",""Use the AlphaOmega Source Root as the synchronization target.""]",[],"[""build_orchestrator"",""create_database"",""load_processing_job"",""load_sync_run"",""main"",""resolve_bounded_leaf_container"",""resolve_onenote_source""]","[""common.security.local_credential_provider.LocalCredentialProvider"",""scripts.application.synchronization_connector_service.SynchronizationConnectorService"",""scripts.application.synchronization_execution_service.SynchronizationExecutionService"",""scripts.connectors.ms_graph.graph_connector.GraphConnector"",""scripts.database.database_connection.DatabaseConnection"",""scripts.database.knowledge_object_repository.KnowledgeObjectRepository"",""scripts.database.processing_job_repository.ProcessingJobRepository"",""scripts.database.source_repository.SourceRepository"",""scripts.database.synchronization_reservation_repository.SynchronizationReservationRepository"",""scripts.discovery.discovery_service.DiscoveryService"",""scripts.extraction.extraction_service.ExtractionService"",""scripts.load.load_repository.LoadRepository"",""scripts.load.load_service.LoadService"",""scripts.orchestration.sync_orchestrator.SynchronizationOrchestrator"",""scripts.sync.source_container_root_service.SourceContainerRootService"",""scripts.translator.graph_translator.GraphTranslator""]","[""common/security/local_credential_provider.py"",""scripts/application/synchronization_connector_service.py"",""scripts/application/synchronization_execution_service.py"",""scripts/connectors/ms_graph/graph_connector.py"",""scripts/database/database_connection.py"",""scripts/database/knowledge_object_repository.py"",""scripts/database/processing_job_repository.py"",""scripts/database/source_repository.py"",""scripts/database/synchronization_reservation_repository.py"",""scripts/discovery/discovery_service.py"",""scripts/extraction/extraction_service.py"",""scripts/load/load_repository.py"",""scripts/load/load_service.py"",""scripts/orchestration/sync_orchestrator.py"",""scripts/sync/source_container_root_service.py"",""scripts/translator/graph_translator.py""]","[""processing_jobs"",""source_containers"",""sources"",""sync_runs""]",[],[],"[""Atomic synchronization reservation creates the Processing Job and"",""One active bounded OneNote Source Container can be selected."",""Synchronization Run."",""SynchronizationConnectorService."",""SynchronizationExecutionService routes the selected scope through"",""SynchronizationOrchestrator.run_reserved()."",""The production OneNote scoped Connector completely enumerates only"",""The reserved Processing Job is handed to"",""The reserved Processing Job reaches a terminal state."",""Translator, Discovery, Extraction, and Load execute through the"",""existing production synchronization pipeline."",""the selected scope.""]",825,COMPLETE,2026-09-13 05:06:34.617284+00,null
scripts/code_testing/test_live_synchronization_reservation.py,test_live_synchronization_reservation.py,Python,Validates the authoritative synchronization reservation boundary against the live AlphaOmega database.,[],"[""Connect to Microsoft Graph."",""Delete Processing Job or Synchronization Run history."",""Enumerate OneDrive."",""Execute Connector, Translator, Discovery, Extraction, or Load."",""Read or synchronize OneDrive content.""]",[],"[""expect_rejected"",""find_test_hierarchy"",""main"",""require"",""reserve_sync"",""verify_processing_job"",""verify_sync_run""]","[""collections.defaultdict"",""common.security.local_credential_provider.LocalCredentialProvider"",""scripts.database.database_connection.DatabaseConnection"",""scripts.database.processing_job_repository.ProcessingJobRepository"",""scripts.database.source_container_refresh_reservation_repository.SourceContainerRefreshReservationRepository"",""scripts.database.source_container_repository.SourceContainerRepository"",""scripts.database.source_repository.SourceRepository"",""scripts.database.synchronization_reservation_repository.SynchronizationReservationRepository""]","[""common/security/local_credential_provider.py"",""scripts/database/database_connection.py"",""scripts/database/processing_job_repository.py"",""scripts/database/source_container_refresh_reservation_repository.py"",""scripts/database/source_container_repository.py"",""scripts/database/source_repository.py"",""scripts/database/synchronization_reservation_repository.py""]","[""processing_jobs"",""sync_runs""]",[],[],"[""A running Source Container Refresh blocks synchronization."",""A valid synchronization scope can be reserved."",""An active ancestor blocks a descendant synchronization."",""An active descendant blocks an ancestor synchronization."",""Completed operations no longer block later synchronization."",""Reservation creates one Synchronization Run."",""Reservation creates one running Processing Job."",""Same-Container synchronization is rejected while active."",""Sibling synchronization scopes may run concurrently.""]",779,COMPLETE,2026-09-13 05:06:34.617284+00,null
scripts/code_testing/test_live_unchanged.py,test_live_unchanged.py,Python,Validates the targeted live AlphaOmega UNCHANGED path for known OneDrive and OneNote content whose persisted source facts match the current Sources of Truth.,[],"[""Create a Processing Job."",""Perform Extraction."",""Perform Load."",""Write to the AlphaOmega database.""]",[],"[""main"",""validate_unchanged""]","[""scripts.code_testing.test_live_modified.ONEDRIVE_FILE_NAME"",""scripts.code_testing.test_live_modified.ONEDRIVE_OBJECT_ID"",""scripts.code_testing.test_live_modified.ONENOTE_PAGE_ID"",""scripts.code_testing.test_live_modified.ONENOTE_PAGE_NAME"",""scripts.code_testing.test_live_modified.build_database_infrastructure"",""scripts.code_testing.test_live_modified.get_existing_knowledge_object"",""scripts.code_testing.test_live_modified.get_onedrive_target"",""scripts.code_testing.test_live_modified.get_onenote_target"",""scripts.code_testing.test_live_modified.translate_target"",""scripts.connectors.ms_graph.graph_connector.GraphConnector"",""scripts.sync.sync_state.SyncState""]","[""scripts/code_testing/test_live_modified.py"",""scripts/connectors/ms_graph/graph_connector.py"",""scripts/sync/sync_state.py""]",[],[],[],"[""Correlation identity is preserved."",""Discovery classifies matching persisted source facts as UNCHANGED."",""Existing Knowledge Object identities are preserved."",""Live OneDrive and OneNote targets can be retrieved and translated."",""No comparison reasons are produced for unchanged records."",""Previous content hashes are preserved."",""UNCHANGED records do not require Extraction.""]",519,COMPLETE,2026-09-13 05:06:34.617284+00,null
scripts/code_testing/test_load_service.py,test_load_service.py,Python,Provides isolated regression validation of AlphaOmega LoadService using mocked repositories.,[],"[""Connect to Supabase."",""Execute the complete synchronization pipeline."",""Modify AlphaOmega database records."",""Retrieve live source content.""]",[],"[""build_association"",""build_discovery_record"",""build_extraction_record"",""build_service"",""build_translator_record"",""main"",""test_correlation_mismatch"",""test_missing_processing_job"",""test_missing_stage_records"",""test_modified_association"",""test_new_association"",""test_repository_failure_continues_batch"",""test_section_locking"",""test_source_lookup_cache"",""test_unchanged_rejected""]","[""scripts.load.load_service.LoadService"",""scripts.sync.sync_association.SynchronizationAssociation"",""scripts.sync.sync_state.SyncState"",""types.SimpleNamespace"",""unittest.mock.Mock"",""uuid.uuid4""]","[""scripts/load/load_service.py"",""scripts/sync/sync_association.py"",""scripts/sync/sync_state.py""]",[],[],[],"[""Correlation mismatches are isolated."",""LoadSection completes and locks correctly."",""MODIFIED associations are persisted correctly."",""Missing Translator, Discovery, and Extraction records are handled."",""NEW associations are persisted correctly."",""Processing Job identity propagates correctly."",""Repository persistence failures remain isolated from other records."",""Source identity lookup is cached."",""UNCHANGED associations are rejected from Load.""]",945,COMPLETE,2026-09-13 05:06:34.617284+00,null
scripts/code_testing/test_onedrive_alphaomega_paths.py,test_onedrive_alphaomega_paths.py,Python,Examines the live OneDrive container hierarchy associated with the AlphaOmega subtree.,[],"[""Create Knowledge Objects."",""Modify OneDrive."",""Persist Source Containers."",""Synchronize OneDrive content.""]",[],"[""build_parent_chain"",""count_subtree"",""main""]","[""scripts.connectors.ms_graph.onedrive_container_enumerator.OneDriveContainerEnumerator"",""scripts.sync.source_container_observation_validator.SourceContainerObservationValidator""]","[""scripts/connectors/ms_graph/onedrive_container_enumerator.py"",""scripts/sync/source_container_observation_validator.py""]",[],[],[],"[""Complete OneDrive container observations pass validation."",""Containers belonging to the AlphaOmega subtree can be counted."",""Parent chains can be reconstructed from observed container identities."",""The AlphaOmega subtree can be located in the observed hierarchy.""]",302,COMPLETE,2026-09-13 05:06:34.617284+00,null
scripts/code_testing/test_onedrive_alphaomega_subtree.py,test_onedrive_alphaomega_subtree.py,Python,Validates selection of the AlphaOmega subtree from a complete live OneDrive container observation.,[],"[""Create Knowledge Objects."",""Modify OneDrive."",""Persist the selected subtree."",""Synchronize file content.""]",[],"[""main""]","[""scripts.connectors.ms_graph.onedrive_container_enumerator.OneDriveContainerEnumerator"",""scripts.sync.source_container_observation_validator.SourceContainerObservationValidator""]","[""scripts/connectors/ms_graph/onedrive_container_enumerator.py"",""scripts/sync/source_container_observation_validator.py""]",[],[],[],"[""OneDrive container enumeration completes successfully."",""Selected subtree membership follows the observed OneDrive hierarchy."",""The AlphaOmega subtree can be identified from the complete observation."",""The complete observation passes Source Container validation.""]",265,COMPLETE,2026-09-13 05:06:34.617284+00,null
scripts/code_testing/test_onedrive_container_observation.py,test_onedrive_container_observation.py,Python,Validates complete live OneDrive Source Container observation.,[],"[""Modify OneDrive."",""Persist Source Containers."",""Reconcile against the existing catalog."",""Synchronize file content.""]",[],"[""main""]","[""scripts.connectors.ms_graph.onedrive_container_enumerator.OneDriveContainerEnumerator"",""scripts.sync.source_container_observation_validator.SourceContainerObservationValidator""]","[""scripts/connectors/ms_graph/onedrive_container_enumerator.py"",""scripts/sync/source_container_observation_validator.py""]",[],[],[],"[""Container identity and hierarchy information are suitable for later"",""Observed OneDrive containers satisfy Source Container validation rules."",""OneDriveContainerEnumerator produces a complete observation."",""reconciliation.""]",118,COMPLETE,2026-09-13 05:06:34.617284+00,null
scripts/code_testing/test_onedrive_container_reconciliation_live.py,test_onedrive_container_reconciliation_live.py,Python,Validates Source Container reconciliation using a complete live OneDrive observation and the persisted AlphaOmega Source Container catalog.,[],"[""Apply reconciliation results."",""Modify OneDrive."",""Modify the Source Container Catalog."",""Synchronize file content.""]",[],"[""main""]","[""common.security.local_credential_provider.LocalCredentialProvider"",""scripts.connectors.ms_graph.onedrive_container_enumerator.OneDriveContainerEnumerator"",""scripts.database.database_connection.DatabaseConnection"",""scripts.database.source_container_repository.SourceContainerRepository"",""scripts.database.source_repository.SourceRepository"",""scripts.sync.source_container_observation_validator.SourceContainerObservationValidator"",""scripts.sync.source_container_reconciler.SourceContainerReconciler""]","[""common/security/local_credential_provider.py"",""scripts/connectors/ms_graph/onedrive_container_enumerator.py"",""scripts/database/database_connection.py"",""scripts/database/source_container_repository.py"",""scripts/database/source_repository.py"",""scripts/sync/source_container_observation_validator.py"",""scripts/sync/source_container_reconciler.py""]",[],[],[],"[""Complete OneDrive container observation succeeds."",""Persisted OneDrive Source Containers can be retrieved."",""Reconciliation can identify catalog changes without applying them."",""Reconciliation classifies observed and persisted containers correctly."",""The observation passes validation.""]",219,COMPLETE,2026-09-13 05:06:34.617284+00,null
scripts/code_testing/test_onedrive_live_e2e.py,test_onedrive_live_e2e.py,Python,Validates a controlled live OneDrive synchronization path through the production AlphaOmega synchronization components.,[],"[""Bypass production synchronization stage boundaries."",""Modify OneDrive source content."",""Synchronize the complete OneDrive Source of Truth."",""Treat CONTAINER objects as Knowledge Objects.""]","[""BookIdeasOneDriveConnector""]","[""_crawl"",""_find_folder"",""_join"",""_locate"",""_parent"",""build"",""get_load_eligible"",""main"",""parse_timestamp"",""run"",""split_associations"",""verify_database"",""verify_pipeline"",""verify_processing_job""]","[""common.object_types.CONTAINER"",""common.object_types.CONTENT"",""common.security.local_credential_provider.LocalCredentialProvider"",""datetime.datetime"",""scripts.connectors.connector_section.ConnectorSection"",""scripts.connectors.ms_graph.graph_connector.GraphConnector"",""scripts.database.database_connection.DatabaseConnection"",""scripts.database.knowledge_object_repository.KnowledgeObjectRepository"",""scripts.database.processing_job_repository.ProcessingJobRepository"",""scripts.database.source_repository.SourceRepository"",""scripts.discovery.discovery_service.DiscoveryService"",""scripts.extraction.extraction_service.ExtractionService"",""scripts.load.load_repository.LoadRepository"",""scripts.load.load_service.LoadService"",""scripts.orchestration.sync_orchestrator.SynchronizationOrchestrator"",""scripts.sync.sync_state.SyncState"",""scripts.translator.graph_translator.GraphTranslator""]","[""common/object_types.py"",""common/security/local_credential_provider.py"",""scripts/connectors/connector_section.py"",""scripts/connectors/ms_graph/graph_connector.py"",""scripts/database/database_connection.py"",""scripts/database/knowledge_object_repository.py"",""scripts/database/processing_job_repository.py"",""scripts/database/source_repository.py"",""scripts/discovery/discovery_service.py"",""scripts/extraction/extraction_service.py"",""scripts/load/load_repository.py"",""scripts/load/load_service.py"",""scripts/orchestration/sync_orchestrator.py"",""scripts/sync/sync_state.py"",""scripts/translator/graph_translator.py""]","[""knowledge_objects"",""processing_jobs"",""sync_history""]",[],[],"[""CONTAINER objects respect the orchestration boundary."",""Connector and Translator output preserve expected source facts."",""Discovery produces the expected synchronization decisions."",""Eligible CONTENT proceeds through Extraction and Load."",""Persistence results match synchronization decisions."",""Processing Job state reflects the completed synchronization run."",""The controlled OneDrive scope can be retrieved.""]",797,COMPLETE,2026-09-13 05:06:34.617284+00,null
scripts/code_testing/test_onenote_change_diagnostic.py,test_onenote_change_diagnostic.py,Python,Diagnoses whether the parent OneNote Section provides a reliable modification signal when page body content changes.,[],"[""Change OneNote timestamp handling."",""Execute synchronization."",""Modify OneNote."",""Write to AlphaOmega.""]",[],"[""main"",""print_field""]","[""json"",""scripts.connectors.ms_graph.graph_connector.GraphConnector""]","[""scripts/connectors/ms_graph/graph_connector.py""]",[],[],[],"[""Live OneNote page metadata can be inspected."",""Page and Section modification signals can be compared for diagnostic"",""Parent Section modification metadata can be inspected."",""purposes.""]",401,COMPLETE,2026-09-13 05:06:34.617284+00,null
scripts/code_testing/test_onenote_container_observation.py,test_onenote_container_observation.py,Python,Validates complete live OneNote Source Container observation.,[],"[""Modify OneNote."",""Persist Source Containers."",""Reconcile against the existing catalog."",""Synchronize page content.""]",[],"[""main""]","[""scripts.connectors.ms_graph.onenote_container_enumerator.OneNoteContainerEnumerator"",""scripts.sync.source_container_observation_validator.SourceContainerObservationValidator""]","[""scripts/connectors/ms_graph/onenote_container_enumerator.py"",""scripts/sync/source_container_observation_validator.py""]",[],[],[],"[""Notebook, Section Group, and Section hierarchy information is suitable"",""Observed OneNote containers satisfy Source Container validation rules."",""OneNoteContainerEnumerator produces a complete observation."",""for later reconciliation.""]",113,COMPLETE,2026-09-13 05:06:34.617284+00,null
scripts/code_testing/test_onenote_live_nochange.py,test_onenote_live_nochange.py,Python,Validates controlled live OneNote synchronization when metadata indicates a possible change but canonical page content has not changed.,[],"[""Modify OneNote source content."",""Synchronize the complete OneNote Source of Truth."",""Treat metadata change alone as proof of content change."",""Update Knowledge Objects whose canonical content is unchanged.""]","[""HouseRulesOneNoteConnector""]","[""_find_named_object"",""build_live_orchestrator"",""capture_snapshot"",""main"",""run"",""verify_counts"",""verify_database"",""verify_pipeline"",""verify_processing_job""]","[""common.object_types.CONTAINER"",""common.object_types.CONTENT"",""common.security.local_credential_provider.LocalCredentialProvider"",""datetime.datetime"",""scripts.connectors.connector_section.ConnectorSection"",""scripts.connectors.ms_graph.graph_connector.GraphConnector"",""scripts.database.database_connection.DatabaseConnection"",""scripts.database.knowledge_object_repository.KnowledgeObjectRepository"",""scripts.database.processing_job_repository.ProcessingJobRepository"",""scripts.database.source_repository.SourceRepository"",""scripts.discovery.discovery_service.DiscoveryService"",""scripts.extraction.extraction_service.ExtractionService"",""scripts.load.load_repository.LoadRepository"",""scripts.load.load_service.LoadService"",""scripts.orchestration.sync_orchestrator.SynchronizationOrchestrator"",""scripts.sync.sync_state.SyncState"",""scripts.translator.graph_translator.GraphTranslator""]","[""common/object_types.py"",""common/security/local_credential_provider.py"",""scripts/connectors/connector_section.py"",""scripts/connectors/ms_graph/graph_connector.py"",""scripts/database/database_connection.py"",""scripts/database/knowledge_object_repository.py"",""scripts/database/processing_job_repository.py"",""scripts/database/source_repository.py"",""scripts/discovery/discovery_service.py"",""scripts/extraction/extraction_service.py"",""scripts/load/load_repository.py"",""scripts/load/load_service.py"",""scripts/orchestration/sync_orchestrator.py"",""scripts/sync/sync_state.py"",""scripts/translator/graph_translator.py""]","[""knowledge_objects"",""processing_jobs"",""sync_history""]",[],[],"[""Database state remains correct after processing."",""Extraction identifies records whose canonical content remains unchanged."",""Metadata changes can cause pages to enter the MODIFIED candidate path."",""OneNote Section modification time is used as the effective page"",""Processing Job state reflects successful completion."",""Same-hash records stop before unnecessary Load."",""The controlled House Rules scope can be synchronized."",""source_modified_at where required.""]",1490,COMPLETE,2026-09-13 05:06:34.617284+00,null
scripts/code_testing/test_onenote_live_orchestrator_modified.py,test_onenote_live_orchestrator_modified.py,Python,Validates a controlled live multi-record OneNote MODIFIED synchronization run through SynchronizationOrchestrator.,[],"[""Create replacement Knowledge Object identities for MODIFIED records."",""Modify OneNote source content."",""Synchronize the complete OneNote Source of Truth."",""Test the NEW-only scenario.""]","[""HouseRulesOneNoteConnector""]","[""_find_named_object"",""build_live_orchestrator"",""main"",""run"",""snapshot_existing_state"",""split_associations"",""verify_counts"",""verify_database"",""verify_pipeline"",""verify_processing_job""]","[""common.security.local_credential_provider.LocalCredentialProvider"",""scripts.connectors.connector_section.ConnectorSection"",""scripts.connectors.ms_graph.graph_connector.GraphConnector"",""scripts.database.database_connection.DatabaseConnection"",""scripts.database.knowledge_object_repository.KnowledgeObjectRepository"",""scripts.database.processing_job_repository.ProcessingJobRepository"",""scripts.database.source_repository.SourceRepository"",""scripts.discovery.discovery_service.DiscoveryService"",""scripts.extraction.extraction_service.ExtractionService"",""scripts.load.load_repository.LoadRepository"",""scripts.load.load_service.LoadService"",""scripts.orchestration.sync_orchestrator.SynchronizationOrchestrator"",""scripts.sync.sync_state.SyncState"",""scripts.translator.graph_translator.GraphTranslator""]","[""common/security/local_credential_provider.py"",""scripts/connectors/connector_section.py"",""scripts/connectors/ms_graph/graph_connector.py"",""scripts/database/database_connection.py"",""scripts/database/knowledge_object_repository.py"",""scripts/database/processing_job_repository.py"",""scripts/database/source_repository.py"",""scripts/discovery/discovery_service.py"",""scripts/extraction/extraction_service.py"",""scripts/load/load_repository.py"",""scripts/load/load_service.py"",""scripts/orchestration/sync_orchestrator.py"",""scripts/sync/sync_state.py"",""scripts/translator/graph_translator.py""]","[""knowledge_objects"",""processing_jobs"",""sync_history""]",[],[],"[""Database results match orchestration decisions."",""Eligible changed content proceeds through Extraction and Load."",""Existing Knowledge Object identities are preserved during updates."",""Existing persisted state can be captured before synchronization."",""Expected records enter the MODIFIED path."",""Processing Job state reflects successful completion."",""The controlled OneNote scope is processed through the production"",""synchronization stages.""]",1545,COMPLETE,2026-09-13 05:06:34.617284+00,null
scripts/code_testing/test_onenote_live_orchestrator_new.py,test_onenote_live_orchestrator_new.py,Python,Validates a controlled live multi-record OneNote NEW synchronization run through SynchronizationOrchestrator.,[],"[""Execute synchronization when safety preconditions fail."",""Modify OneNote source content."",""Synchronize the complete OneNote Source of Truth."",""Treat the containing Section as a Knowledge Object.""]","[""HouseRulesOneNoteConnector""]","[""_find_named_object"",""build_live_orchestrator"",""get_controlled_page_inventory"",""main"",""run"",""split_associations"",""verify_associations"",""verify_counts"",""verify_no_existing_knowledge_objects"",""verify_persistence"",""verify_processing_job""]","[""common.security.local_credential_provider.LocalCredentialProvider"",""scripts.connectors.connector_section.ConnectorSection"",""scripts.connectors.ms_graph.graph_connector.GraphConnector"",""scripts.database.database_connection.DatabaseConnection"",""scripts.database.knowledge_object_repository.KnowledgeObjectRepository"",""scripts.database.processing_job_repository.ProcessingJobRepository"",""scripts.database.source_repository.SourceRepository"",""scripts.discovery.discovery_service.DiscoveryService"",""scripts.extraction.extraction_service.ExtractionService"",""scripts.load.load_repository.LoadRepository"",""scripts.load.load_service.LoadService"",""scripts.orchestration.sync_orchestrator.SynchronizationOrchestrator"",""scripts.sync.sync_state.SyncState"",""scripts.translator.graph_translator.GraphTranslator""]","[""common/security/local_credential_provider.py"",""scripts/connectors/connector_section.py"",""scripts/connectors/ms_graph/graph_connector.py"",""scripts/database/database_connection.py"",""scripts/database/knowledge_object_repository.py"",""scripts/database/processing_job_repository.py"",""scripts/database/source_repository.py"",""scripts/discovery/discovery_service.py"",""scripts/extraction/extraction_service.py"",""scripts/load/load_repository.py"",""scripts/load/load_service.py"",""scripts/orchestration/sync_orchestrator.py"",""scripts/sync/sync_state.py"",""scripts/translator/graph_translator.py""]","[""knowledge_objects"",""processing_jobs"",""sync_history""]",[],[],"[""CONTENT records are classified NEW."",""NEW content proceeds through Extraction and Load."",""NEW synchronization history events are recorded."",""New Knowledge Objects are persisted."",""Target page identities do not already exist in knowledge_objects."",""The Mimic's Tavern House Rules Section is identified exactly."",""The Processing Job completes successfully."",""The controlled scope produces the expected synchronization associations."",""The expected controlled page inventory exists before synchronization.""]",1778,COMPLETE,2026-09-13 05:06:34.617284+00,null
scripts/code_testing/test_onenote_live_orchestrator_unchanged.py,test_onenote_live_orchestrator_unchanged.py,Python,Validates a controlled live multi-record OneNote UNCHANGED synchronization run through SynchronizationOrchestrator.,[],"[""Modify OneNote source content."",""Modify existing Knowledge Objects for UNCHANGED records."",""Synchronize the complete OneNote Source of Truth."",""Test the NEW-only or MODIFIED-only scenario.""]","[""HouseRulesOneNoteConnector""]","[""_find_named_object"",""build_live_orchestrator"",""capture_pretest_snapshot"",""main"",""run"",""verify_associations"",""verify_counts"",""verify_database_unchanged"",""verify_processing_job""]","[""common.object_types.CONTAINER"",""common.object_types.CONTENT"",""common.security.local_credential_provider.LocalCredentialProvider"",""scripts.connectors.connector_section.ConnectorSection"",""scripts.connectors.ms_graph.graph_connector.GraphConnector"",""scripts.database.database_connection.DatabaseConnection"",""scripts.database.knowledge_object_repository.KnowledgeObjectRepository"",""scripts.database.processing_job_repository.ProcessingJobRepository"",""scripts.database.source_repository.SourceRepository"",""scripts.discovery.discovery_service.DiscoveryService"",""scripts.extraction.extraction_service.ExtractionService"",""scripts.load.load_repository.LoadRepository"",""scripts.load.load_service.LoadService"",""scripts.orchestration.sync_orchestrator.SynchronizationOrchestrator"",""scripts.sync.sync_state.SyncState"",""scripts.translator.graph_translator.GraphTranslator""]","[""common/object_types.py"",""common/security/local_credential_provider.py"",""scripts/connectors/connector_section.py"",""scripts/connectors/ms_graph/graph_connector.py"",""scripts/database/database_connection.py"",""scripts/database/knowledge_object_repository.py"",""scripts/database/processing_job_repository.py"",""scripts/database/source_repository.py"",""scripts/discovery/discovery_service.py"",""scripts/extraction/extraction_service.py"",""scripts/load/load_repository.py"",""scripts/load/load_service.py"",""scripts/orchestration/sync_orchestrator.py"",""scripts/sync/sync_state.py"",""scripts/translator/graph_translator.py""]","[""knowledge_objects"",""processing_jobs"",""sync_history""]",[],[],"[""Existing Knowledge Object state remains unchanged."",""Existing OneNote content is classified correctly when source facts"",""Pretest persisted state can be captured for the controlled scope."",""Synchronization associations reconcile to the expected counts."",""The Processing Job completes successfully."",""UNCHANGED records do not proceed through unnecessary Extraction or Load."",""remain unchanged.""]",1302,COMPLETE,2026-09-13 05:06:34.617284+00,null
scripts/code_testing/test_onenote_page_hierarchy.py,test_onenote_page_hierarchy.py,Python,Diagnoses raw Microsoft Graph OneNote page hierarchy information.,[],"[""Execute synchronization."",""Modify OneNote."",""Translate OneNote hierarchy into canonical records."",""Write to AlphaOmega.""]",[],"[""find_notebook"",""find_section"",""get_pages"",""main"",""print_page"",""print_target_details""]","[""scripts.connectors.ms_graph.graph_connector.GraphConnector""]","[""scripts/connectors/ms_graph/graph_connector.py""]",[],[],[],"[""A target Section can be located."",""A target notebook can be located."",""Parent and child page information can be inspected for known targets."",""Raw page hierarchy information can be retrieved.""]",447,COMPLETE,2026-09-13 05:06:34.617284+00,null
scripts/code_testing/test_onenote_section_timestamp_translation.py,test_onenote_section_timestamp_translation.py,Python,Validates that GraphTranslator uses the parent OneNote Section modification timestamp as the canonical source_modified_at value for a OneNote page.,[],"[""Make live synchronization decisions."",""Perform Discovery."",""Perform Extraction or Load."",""Write to AlphaOmega.""]",[],"[""main""]","[""scripts.connectors.connector_section.ConnectorSection"",""scripts.sync.sync_translation_input.TranslationInput"",""scripts.translator.graph_translator.GraphTranslator""]","[""scripts/connectors/connector_section.py"",""scripts/sync/sync_translation_input.py"",""scripts/translator/graph_translator.py""]",[],[],[],"[""A controlled ConnectorSection can be translated."",""GraphTranslator produces a page TranslatorRecord."",""The page source_modified_at matches the parent Section modification"",""TranslationInput provides correlation identity."",""timestamp.""]",457,COMPLETE,2026-09-13 05:06:34.617284+00,null
scripts/code_testing/test_onenote_timestamp.py,test_onenote_timestamp.py,Python,Provides a read-only diagnostic of OneNote timestamp behavior for the controlled House Rules Section.,[],"[""Execute Load."",""Modify Knowledge Objects."",""Modify OneNote."",""Perform AlphaOmega database writes.""]","[""HouseRulesDiagnosticConnector""]","[""_find_named_object"",""main"",""normalize_timestamp"",""run""]","[""common.security.local_credential_provider.LocalCredentialProvider"",""scripts.connectors.connector_section.ConnectorSection"",""scripts.connectors.ms_graph.graph_connector.GraphConnector"",""scripts.database.database_connection.DatabaseConnection"",""scripts.database.knowledge_object_repository.KnowledgeObjectRepository"",""scripts.database.source_repository.SourceRepository"",""scripts.sync.sync_translation_input.TranslationInput"",""scripts.translator.graph_translator.GraphTranslator""]","[""common/security/local_credential_provider.py"",""scripts/connectors/connector_section.py"",""scripts/connectors/ms_graph/graph_connector.py"",""scripts/database/database_connection.py"",""scripts/database/knowledge_object_repository.py"",""scripts/database/source_repository.py"",""scripts/sync/sync_translation_input.py"",""scripts/translator/graph_translator.py""]",[],[],[],"[""Graph Section lastModifiedDateTime can be inspected."",""Graph page lastModifiedDateTime can be inspected."",""Source, translated, and persisted timestamps can be compared."",""Stored Knowledge Object source_modified_at can be inspected."",""TranslatorRecord.source_modified_at can be inspected.""]",655,COMPLETE,2026-09-13 05:06:34.617284+00,null
scripts/code_testing/test_processing_job_repository.py,test_processing_job_repository.py,Python,Provides isolated validation of ProcessingJobRepository using mocked database behavior.,[],"[""Connect to the live AlphaOmega database."",""Decide Processing Job lifecycle state."",""Execute synchronization stages."",""Modify production Processing Jobs.""]",[],"[""build_mock_client"",""main"",""test_complete_processing_job"",""test_complete_requires_single_record"",""test_create_defaults_metadata"",""test_create_missing_pipeline_version"",""test_create_missing_process_type"",""test_create_processing_job"",""test_create_requires_returned_id"",""test_create_requires_single_record"",""test_fail_processing_job"",""test_fail_requires_error"",""test_fail_requires_single_record"",""test_missing_client_rejected"",""test_missing_processing_job_id""]","[""scripts.database.processing_job_repository.ProcessingJobRepository"",""unittest.mock.Mock""]","[""scripts/database/processing_job_repository.py""]",[],[],[],"[""Database responses must contain the expected single record."",""Failure operations require error information."",""Missing database clients are rejected."",""Processing Job identities are validated."",""Processing Jobs can be completed."",""Processing Jobs can be created."",""Processing Jobs can be failed."",""Required creation inputs are validated.""]",872,COMPLETE,2026-09-13 05:06:34.617284+00,null
scripts/code_testing/test_source_browsing.py,test_source_browsing.py,Python,Performs a controlled live database test of the Lab 8 SourceBrowsingService.,[],"[""Communicate with a Source of Truth."",""Modify the AlphaOmega database."",""Refresh Source Containers."",""Synchronize content.""]",[],"[""main""]","[""common.security.local_credential_provider.LocalCredentialProvider"",""scripts.application.source_browsing_service.SourceBrowsingService"",""scripts.database.database_connection.DatabaseConnection"",""scripts.database.source_container_repository.SourceContainerRepository"",""scripts.database.source_repository.SourceRepository""]","[""common/security/local_credential_provider.py"",""scripts/application/source_browsing_service.py"",""scripts/database/database_connection.py"",""scripts/database/source_container_repository.py"",""scripts/database/source_repository.py""]",[],[],[],"[""A requested Source can be browsed through the application service."",""Active persisted Source Containers are returned."",""Enabled registered Sources can be listed."",""OneDrive and OneNote catalogs can be browsed without direct UI database"",""Persisted parent relationships are assembled into an application-facing"",""access."",""hierarchy.""]",148,COMPLETE,2026-09-13 05:06:34.617284+00,null
scripts/code_testing/test_source_container_atomic_upsert.py,test_source_container_atomic_upsert.py,Python,Validates atomic persistence of Source Container observations through the upsert_source_containers database operation.,[],"[""Create Knowledge Objects."",""Enumerate a Source of Truth."",""Perform Source Container reconciliation."",""Synchronize content.""]",[],"[""main""]","[""common.security.local_credential_provider.LocalCredentialProvider"",""datetime.datetime"",""datetime.timezone"",""scripts.database.database_connection.DatabaseConnection"",""scripts.database.processing_job_repository.ProcessingJobRepository"",""scripts.database.source_repository.SourceRepository"",""uuid.uuid4""]","[""common/security/local_credential_provider.py"",""scripts/database/database_connection.py"",""scripts/database/processing_job_repository.py"",""scripts/database/source_repository.py""]","[""processing_jobs"",""source_containers""]","[""upsert_source_containers""]",[],"[""Controlled Source Container records can be submitted atomically."",""New and existing container identities are handled correctly."",""Processing Job attribution is persisted with the catalog records."",""The database operation produces the expected persisted state.""]",501,COMPLETE,2026-09-13 05:06:34.617284+00,null
scripts/code_testing/test_source_container_deactivation.py,test_source_container_deactivation.py,Python,Validates controlled Source Container deactivation behavior in the AlphaOmega database.,[],"[""Delete Source Container history."",""Enumerate a Source of Truth."",""Infer absence from an incomplete Source observation."",""Synchronize content.""]",[],"[""main""]","[""common.security.local_credential_provider.LocalCredentialProvider"",""datetime.datetime"",""datetime.timezone"",""scripts.database.database_connection.DatabaseConnection"",""scripts.database.processing_job_repository.ProcessingJobRepository"",""scripts.database.source_repository.SourceRepository"",""uuid.uuid4""]","[""common/security/local_credential_provider.py"",""scripts/database/database_connection.py"",""scripts/database/processing_job_repository.py"",""scripts/database/source_repository.py""]","[""processing_jobs"",""source_containers""]","[""deactivate_source_containers"",""upsert_source_containers""]",[],"[""Containers identified as absent can be deactivated."",""Controlled Source Containers can be upserted for test preparation."",""Deactivation preserves the expected persisted catalog state."",""The deactivation database operation affects the intended records.""]",503,COMPLETE,2026-09-13 05:06:34.617284+00,null
scripts/code_testing/test_source_container_observation_validator.py,test_source_container_observation_validator.py,Python,Validates SourceContainerObservationValidator behavior using controlled Source Container observations.,[],"[""Enumerate a Source of Truth."",""Persist Source Containers."",""Reconcile observations against the database."",""Synchronize content.""]",[],"[""main""]","[""common.security.local_credential_provider.LocalCredentialProvider"",""datetime.datetime"",""datetime.timezone"",""scripts.database.database_connection.DatabaseConnection"",""scripts.database.processing_job_repository.ProcessingJobRepository"",""scripts.database.source_container_repository.SourceContainerRepository"",""uuid.uuid4""]","[""common/security/local_credential_provider.py"",""scripts/database/database_connection.py"",""scripts/database/processing_job_repository.py"",""scripts/database/source_container_repository.py""]","[""processing_jobs"",""source_containers"",""sources""]",[],[],"[""Duplicate or inconsistent identities are rejected."",""Invalid hierarchy relationships are rejected."",""Observation completeness requirements are enforced before persistence"",""Required observation fields are enforced."",""Valid complete observations are accepted."",""decisions.""]",246,COMPLETE,2026-09-13 05:06:34.617284+00,null
scripts/code_testing/test_source_container_reconciler.py,test_source_container_reconciler.py,Python,Validates SourceContainerReconciler behavior using controlled observed and persisted Source Container sets.,[],"[""Deactivate Source Containers itself."",""Enumerate a Source of Truth."",""Persist reconciliation results."",""Synchronize content.""]",[],"[""main""]","[""scripts.sync.source_container_reconciler.SourceContainerReconciler""]","[""scripts/sync/source_container_reconciler.py""]",[],[],[],"[""Existing containers are classified correctly."",""Newly observed containers are classified correctly."",""Persisted containers absent from a complete observation are identified."",""Reappearing containers are identified correctly."",""Reconciliation results preserve the identities needed for persistence.""]",249,COMPLETE,2026-09-13 05:06:34.617284+00,null
scripts/code_testing/test_source_container_refresh_reservation_repository.py,test_source_container_refresh_reservation_repository.py,Python,Validates SourceContainerRefreshReservationRepository using controlled database RPC behavior.,[],"[""Complete or fail Processing Jobs."",""Connect to the live AlphaOmega database."",""Enumerate Source Containers."",""Perform reconciliation.""]","[""FakeDatabaseClient"",""FakeResponse"",""FakeRpcRequest""]","[""__init__"",""execute"",""main"",""rpc""]","[""scripts.database.source_container_refresh_reservation_repository.SourceContainerRefreshReservationRepository""]","[""scripts/database/source_container_refresh_reservation_repository.py""]",[],[],[],"[""A complete Source Refresh reservation invokes the expected database RPC."",""Invalid or failed RPC responses are rejected."",""Required reservation inputs are validated."",""Reservation remains an atomic database boundary."",""Successful reservation returns the created Processing Job identity.""]",203,COMPLETE,2026-09-13 05:06:34.617284+00,null
scripts/code_testing/test_source_container_refresh_service_database.py,test_source_container_refresh_service_database.py,Python,Validates SourceContainerRefreshService against the AlphaOmega database using a controlled Source Container observation.,[],"[""Create Knowledge Objects."",""Perform broad live Source enumeration."",""Replace production Source Container population."",""Synchronize content.""]","[""ControlledEnumerator"",""ExistingDatabaseConnection""]","[""__init__"",""connect"",""delete_disposable_records"",""enumerate"",""main""]","[""common.security.local_credential_provider.LocalCredentialProvider"",""datetime.datetime"",""datetime.timezone"",""scripts.database.database_connection.DatabaseConnection"",""scripts.database.processing_job_repository.ProcessingJobRepository"",""scripts.database.source_container_refresh_reservation_repository.SourceContainerRefreshReservationRepository"",""scripts.database.source_container_repository.SourceContainerRepository"",""scripts.sync.source_container_observation_validator.SourceContainerObservationValidator"",""scripts.sync.source_container_reconciler.SourceContainerReconciler"",""scripts.sync.source_container_refresh_service.SourceContainerRefreshService"",""uuid.uuid4""]","[""common/security/local_credential_provider.py"",""scripts/database/database_connection.py"",""scripts/database/processing_job_repository.py"",""scripts/database/source_container_refresh_reservation_repository.py"",""scripts/database/source_container_repository.py"",""scripts/sync/source_container_observation_validator.py"",""scripts/sync/source_container_reconciler.py"",""scripts/sync/source_container_refresh_service.py""]","[""processing_jobs"",""source_containers"",""sources""]",[],[],"[""A controlled Refresh can reserve execution in the database."",""Disposable test records can be cleaned up after validation."",""Observed containers are reconciled against persisted state."",""Persisted Source Container state matches the controlled observation."",""Processing Job lifecycle state reflects the Refresh result."",""Refresh results are applied atomically.""]",512,COMPLETE,2026-09-13 05:06:34.617284+00,null
scripts/code_testing/test_source_container_refresh_service_failure.py,test_source_container_refresh_service_failure.py,Python,Validates controlled failure behavior of SourceContainerRefreshService.,[],"[""Apply successful catalog changes."",""Connect to a live Source of Truth."",""Connect to the live AlphaOmega database."",""Synchronize content.""]","[""FakeDatabaseClient"",""FakeIncompleteEnumerator"",""FakeProcessingJobRepository"",""FakeReservationRepository"",""FakeSourceContainerRepository""]","[""__init__"",""complete"",""enumerate"",""fail"",""find_by_source"",""main"",""reserve"",""rpc""]","[""scripts.sync.source_container_observation_validator.SourceContainerObservationValidator"",""scripts.sync.source_container_reconciler.SourceContainerReconciler"",""scripts.sync.source_container_refresh_service.SourceContainerRefreshService""]","[""scripts/sync/source_container_observation_validator.py"",""scripts/sync/source_container_reconciler.py"",""scripts/sync/source_container_refresh_service.py""]",[],[],[],"[""Failed Refresh processing causes the Processing Job to fail."",""Failure does not proceed into successful catalog persistence."",""Incomplete Source observations are rejected."",""Reservation and Processing Job failure behavior remain coordinated.""]",192,COMPLETE,2026-09-13 05:06:34.617284+00,null
scripts/code_testing/test_source_container_refresh_service.py,test_source_container_refresh_service.py,Python,Provides isolated success-path and failure-path validation of SourceContainerRefreshService.,[],"[""Connect to a live Source of Truth."",""Connect to the live AlphaOmega database."",""Create Knowledge Objects."",""Synchronize content.""]","[""FailingDatabaseClient"",""FailingRpc"",""FakeContainerRepository"",""FakeDatabaseClient"",""FakeEnumerator"",""FakeProcessingJobRepository"",""FakeReconciler"",""FakeReservationRepository"",""FakeResponse"",""FakeRpc"",""FakeValidator""]","[""__init__"",""complete"",""enumerate"",""execute"",""fail"",""find_by_source"",""main"",""reconcile"",""reserve"",""rpc"",""test_failure_path"",""test_success_path"",""validate"",""verify_measurements""]","[""scripts.sync.source_container_refresh_service.SourceContainerRefreshService""]","[""scripts/sync/source_container_refresh_service.py""]",[],[],[],"[""Complete observations are validated."",""Failure paths do not report successful Refresh completion."",""Failures cause the Processing Job to fail."",""Observed and persisted containers are reconciled."",""Reconciliation results are submitted for atomic persistence."",""Refresh measurements are produced correctly."",""Refresh reserves the Source before enumeration."",""Successful Refresh completes its Processing Job.""]",626,COMPLETE,2026-09-13 05:06:34.617284+00,null
scripts/code_testing/test_source_container_refresh_status_repository.py,test_source_container_refresh_status_repository.py,Python,Performs isolated deterministic tests of active Source Container Refresh lookup behavior.,[],"[""Access the live AlphaOmega database."",""Create or update Processing Jobs."",""Enumerate or persist Source Containers."",""Execute synchronization."",""Reserve Source Container Refresh.""]","[""FakeDatabaseClient"",""FakeQuery"",""FakeResponse""]","[""__init__"",""eq"",""execute"",""main"",""require_equal"",""select"",""table"",""test_active_refresh_lookup"",""test_boolean_active_refresh"",""test_empty_source"",""test_missing_source_rejected"",""test_source_isolation""]","[""scripts.database.source_container_refresh_status_repository.SourceContainerRefreshStatusRepository""]","[""scripts/database/source_container_refresh_status_repository.py""]",[],[],[],"[""A Source with no active Refresh returns empty state."",""Active Refresh presence can be returned as a boolean."",""Completed Source Container Refresh jobs are excluded."",""Failed Source Container Refresh jobs are excluded."",""Required Source identity validation is enforced."",""Running Refresh jobs for another Source are excluded."",""Running Source Container Refresh jobs are returned for one Source."",""Running jobs for another process type are excluded.""]",423,COMPLETE,2026-09-13 05:06:34.617284+00,null
scripts/code_testing/test_source_container_refresh_transaction.py,test_source_container_refresh_transaction.py,Python,Validates the atomic database transaction used to apply Source Container Refresh reconciliation results.,[],"[""Decide which containers should be deactivated."",""Enumerate a Source of Truth."",""Perform reconciliation."",""Synchronize content.""]",[],"[""main""]","[""common.security.local_credential_provider.LocalCredentialProvider"",""datetime.datetime"",""datetime.timezone"",""scripts.database.database_connection.DatabaseConnection"",""scripts.database.processing_job_repository.ProcessingJobRepository"",""scripts.database.source_repository.SourceRepository"",""uuid.uuid4""]","[""common/security/local_credential_provider.py"",""scripts/database/database_connection.py"",""scripts/database/processing_job_repository.py"",""scripts/database/source_repository.py""]","[""processing_jobs"",""source_containers""]","[""apply_source_container_refresh"",""deactivate_source_containers"",""upsert_source_containers""]",[],"[""Refresh persistence produces the expected final catalog state."",""Required deactivations can be applied within the same operation."",""Source Container upserts can be applied within the Refresh transaction."",""The apply_source_container_refresh RPC provides the intended atomic"",""boundary.""]",603,COMPLETE,2026-09-13 05:06:34.617284+00,null
scripts/code_testing/test_source_container_repository.py,test_source_container_repository.py,Python,Validates SourceContainerRepository database access behavior.,[],"[""Enumerate Sources of Truth."",""Perform Source Container reconciliation."",""Refresh the Source Container Catalog."",""Synchronize content.""]",[],"[""main""]","[""common.security.local_credential_provider.LocalCredentialProvider"",""datetime.datetime"",""datetime.timezone"",""scripts.database.database_connection.DatabaseConnection"",""scripts.database.processing_job_repository.ProcessingJobRepository"",""scripts.database.source_container_repository.SourceContainerRepository"",""uuid.uuid4""]","[""common/security/local_credential_provider.py"",""scripts/database/database_connection.py"",""scripts/database/processing_job_repository.py"",""scripts/database/source_container_repository.py""]","[""processing_jobs"",""source_containers"",""sources""]",[],[],"[""Active containers belonging to a Source can be retrieved."",""Containers belonging to a Source can be retrieved."",""Repository results preserve expected Source Container fields."",""Source Containers can be found by AlphaOmega identity."",""Source Containers can be found by Source and source-native identity.""]",245,COMPLETE,2026-09-13 05:06:34.617284+00,null
scripts/code_testing/test_source_container_validator.py,test_source_container_validator.py,Python,Performs isolated deterministic tests of generic and source-specific Source Container validation.,[],"[""Access live Sources of Truth."",""Authenticate with Microsoft Graph."",""Determine synchronization conflicts."",""Modify the AlphaOmega database."",""Reserve or execute synchronization.""]","[""FakeOneNoteEnumerator"",""FakeResponse"",""FakeValidator""]","[""__init__"",""enumerate"",""json"",""main"",""require_equal"",""test_generic_routing"",""test_onedrive_404"",""test_onedrive_existing_folder"",""test_onedrive_non_404_failure"",""test_onedrive_non_folder"",""test_onenote_existing_container"",""test_onenote_incomplete_observation"",""test_onenote_missing_container"",""test_required_identity_validation"",""test_unsupported_source"",""validate""]","[""requests"",""scripts.connectors.ms_graph.onedrive_container_validator.OneDriveContainerValidator"",""scripts.connectors.ms_graph.onenote_container_validator.OneNoteContainerValidator"",""scripts.connectors.source_container_validator.SourceContainerValidator"",""unittest.mock.patch""]","[""scripts/connectors/ms_graph/onedrive_container_validator.py"",""scripts/connectors/ms_graph/onenote_container_validator.py"",""scripts/connectors/source_container_validator.py""]",[],[],[],"[""Generic validation routes requests by Source."",""OneDrive preserves non-404 HTTP failures."",""OneDrive rejects an object that is not a folder."",""OneDrive treats HTTP 404 as confirmed absence."",""OneDrive validates a matching Microsoft Graph folder."",""OneNote confirms absence only after complete enumeration."",""OneNote rejects incomplete enumeration as authoritative evidence."",""OneNote validates a Container present in a complete observation."",""Required identities are validated."",""Unsupported Sources are rejected.""]",654,COMPLETE,2026-09-13 05:06:34.617284+00,null
scripts/code_testing/test_source_repository.py,test_source_repository.py,Python,Validates authenticated Source lookup through SourceRepository.,[],"[""Connect to a Source of Truth."",""Execute synchronization."",""Refresh Source Containers."",""Register or modify Sources.""]",[],"[""main""]","[""common.security.local_credential_provider.LocalCredentialProvider"",""scripts.database.database_connection.DatabaseConnection"",""scripts.database.source_repository.SourceRepository""]","[""common/security/local_credential_provider.py"",""scripts/database/database_connection.py"",""scripts/database/source_repository.py""]",[],[],[],"[""A registered Source can be resolved by name."",""A registered Source can be retrieved by AlphaOmega identity."",""Enabled Sources can be retrieved through the repository."",""Repository access operates through the authenticated database boundary.""]",103,COMPLETE,2026-09-13 05:06:34.617284+00,null
scripts/code_testing/test_sync_base_section.py,test_sync_base_section.py,Python,Validates the common synchronization section locking contract.,[],"[""Execute synchronization."",""Persist synchronization data."",""Test a specific synchronization stage."",""Unlock completed sections.""]","[""TestSection""]","[""__init__"",""main""]","[""scripts.sync.sync_base_section.BaseSection"",""scripts.sync.sync_exceptions.SectionLockedError""]","[""scripts/sync/sync_base_section.py"",""scripts/sync/sync_exceptions.py""]",[],[],[],"[""A section begins unlocked."",""Attempts to modify locked section state are rejected."",""Locking marks the section complete and immutable."",""Stage-owned values can be populated before locking."",""Supported mutable values are frozen when the section is locked.""]",78,COMPLETE,2026-09-13 05:06:34.617284+00,null
scripts/code_testing/test_sync_container_boundary.py,test_sync_container_boundary.py,Python,Validates the canonical CONTAINER orchestration boundary.,[],"[""Change canonical object-type definitions."",""Connect to the live AlphaOmega database."",""Retrieve live source content."",""Treat CONTAINER objects as Knowledge Objects.""]","[""FakeConnector"",""FakeConnectorSection"",""FakeDiscoveryRecord"",""FakeDiscoverySection"",""FakeDiscoveryService"",""FakeExtractionService"",""FakeLoadService"",""FakeLockedSection"",""FakeProcessingJobRepository"",""FakeTranslator"",""FakeTranslatorRecord"",""FakeTranslatorSection""]","[""__init__"",""complete"",""create"",""fail"",""main"",""run""]","[""common.object_types.CONTAINER"",""common.object_types.CONTENT"",""scripts.orchestration.sync_orchestrator.SynchronizationOrchestrator"",""scripts.sync.sync_state.SyncState""]","[""common/object_types.py"",""scripts/orchestration/sync_orchestrator.py"",""scripts/sync/sync_state.py""]",[],[],[],"[""CONTAINER objects can pass through Connector and Translator."",""CONTAINER objects do not proceed into content Discovery, Extraction,"",""CONTAINER objects preserve synchronization association and correlation"",""CONTENT objects remain eligible for downstream synchronization stages."",""Processing Job lifecycle behavior remains valid when CONTAINER objects"",""are present."",""identity."",""or Load behavior intended for Knowledge Objects.""]",783,COMPLETE,2026-09-13 05:06:34.617284+00,null
scripts/code_testing/test_sync_orchestrator.py,test_sync_orchestrator.py,Python,Provides isolated regression validation of SynchronizationOrchestrator.,[],"[""Bypass synchronization stage boundaries."",""Connect to live Sources of Truth."",""Connect to the live AlphaOmega database."",""Test UI or application admission.""]","[""FailingConnector"",""RecordFailureConnector"",""RecordFailureDiscoveryService"",""RecordFailureExtractionService"",""RecordFailureTranslator"",""SameHashConnector"",""SameHashDiscoveryService"",""SameHashExtractionService"",""SameHashLoadService"",""SameHashTranslator"",""SyntheticConnector"",""SyntheticDiscoveryService"",""SyntheticExtractionService"",""SyntheticLoadService"",""SyntheticProcessingJobRepository"",""SyntheticSection"",""SyntheticTranslator""]","[""__init__"",""build_orchestrator"",""complete"",""create"",""fail"",""main"",""run"",""test_modified_same_hash_stops_before_load"",""test_new_modified_unchanged_routing"",""test_record_level_failure_isolation"",""test_required_dependencies"",""test_source_name_required"",""test_stage_failure_fails_processing_job""]","[""scripts.orchestration.sync_orchestrator.SynchronizationOrchestrator"",""scripts.sync.sync_state.SyncState"",""types.SimpleNamespace"",""unittest.mock.Mock""]","[""scripts/orchestration/sync_orchestrator.py"",""scripts/sync/sync_state.py""]",[],[],[],"[""A Source name is required."",""Load."",""MODIFIED records whose extracted content hash is unchanged stop before"",""NEW, MODIFIED, and UNCHANGED records are routed correctly."",""Processing Job creation, completion, and failure follow orchestration"",""Record-level failures remain isolated."",""Required orchestration dependencies are enforced."",""Stage-level failures fail the Processing Job."",""Synchronization associations preserve stage results across the run."",""results.""]",2609,COMPLETE,2026-09-13 05:06:34.617284+00,null
scripts/code_testing/test_sync_record.py,test_sync_record.py,Python,Validates the SynchronizationRecord section container contract.,[],"[""Execute synchronization stages."",""Modify completed section contents."",""Persist synchronization data."",""Populate stage-owned sections.""]",[],"[""main""]","[""scripts.sync.sync_record.SyncRecord""]","[""scripts/sync/sync_record.py""]",[],[],[],"[""All attached sections can be returned."",""Attached sections can be retrieved."",""Completed synchronization sections can be attached by name."",""Duplicate section names are rejected."",""Section membership can be queried.""]",33,COMPLETE,2026-09-13 05:06:34.617284+00,null
scripts/code_testing/test_sync_run_repository.py,test_sync_run_repository.py,Python,Performs isolated deterministic tests of SyncRunRepository active synchronization lookup behavior.,[],"[""Access the live AlphaOmega database."",""Create Synchronization Runs."",""Create or update Processing Jobs."",""Determine synchronization hierarchy conflicts."",""Execute synchronization."",""Reserve synchronization execution.""]","[""FakeDatabaseClient"",""FakeQuery"",""FakeResponse""]","[""__init__"",""eq"",""execute"",""in_"",""main"",""require_equal"",""select"",""table"",""test_active_container_lookup"",""test_active_run_lookup"",""test_empty_source"",""test_missing_source_rejected"",""test_source_isolation""]","[""scripts.database.sync_run_repository.SyncRunRepository""]","[""scripts/database/sync_run_repository.py""]",[],[],[],"[""Active Source Container identities can be returned directly."",""An empty Source result returns an empty tuple."",""Completed and failed Processing Jobs are excluded."",""Duplicate Processing Job identities do not create duplicate job lookup"",""Only runs whose Processing Jobs are running are returned."",""Required Source identity validation is enforced."",""Synchronization Runs can be filtered by Source."",""values.""]",478,COMPLETE,2026-09-13 05:06:34.617284+00,null
scripts/code_testing/test_synchronization_admission.py,test_synchronization_admission.py,Python,Performs a controlled live database test of persisted SynchronizationRequest admission.,[],"[""Communicate with a Source of Truth."",""Create Processing Jobs or Synchronization Runs."",""Detect synchronization overlap."",""Invoke SynchronizationOrchestrator."",""Modify the AlphaOmega database."",""Reserve synchronization execution.""]",[],"[""main""]","[""common.security.local_credential_provider.LocalCredentialProvider"",""scripts.application.synchronization_admission_service.SynchronizationAdmissionService"",""scripts.database.database_connection.DatabaseConnection"",""scripts.database.source_container_repository.SourceContainerRepository"",""scripts.database.source_repository.SourceRepository"",""scripts.sync.sync_request.SynchronizationRequest""]","[""common/security/local_credential_provider.py"",""scripts/application/synchronization_admission_service.py"",""scripts/database/database_connection.py"",""scripts/database/source_container_repository.py"",""scripts/database/source_repository.py"",""scripts/sync/sync_request.py""]",[],[],[],"[""A requested Source Container exists."",""A requested Source exists in the persisted Source catalog."",""OneDrive and OneNote requests can pass persisted admission."",""Successful admission returns the persisted identities required by later"",""The Source Container belongs to the requested Source."",""The Source Container is active."",""The requested Source is enabled."",""synchronization capabilities.""]",189,COMPLETE,2026-09-13 05:06:34.617284+00,null
scripts/code_testing/test_synchronization_application_service.py,test_synchronization_application_service.py,Python,Verifies the assembled application-level synchronization coordination boundary without accessing Microsoft Graph or creating real synchronization operations.,[],"[""Access Microsoft Graph."",""Access Supabase."",""Create Processing Jobs."",""Create Synchronization Runs."",""Execute Connector, Translator, Discovery, Extraction, or Load.""]","[""FakeAdmissionService"",""FakeExecutionService"",""FakePreliminaryConflictService"",""FakeRequest"",""FakeSourceContainerValidator""]","[""__init__"",""build_service"",""evaluate"",""execute"",""main"",""run_test"",""test_entire_onedrive_rejected"",""test_entire_onenote"",""test_missing_source_container_rejected"",""test_preliminary_conflict_rejected"",""test_selected_onedrive"",""test_selected_onenote"",""validate""]","[""scripts.application.synchronization_application_service.SynchronizationApplicationService"",""scripts.sync.source_container_root_service.SourceContainerRootService""]","[""scripts/application/synchronization_application_service.py"",""scripts/sync/source_container_root_service.py""]",[],[],[],"[""Admitted identities are passed correctly to execution."",""Entire OneDrive is rejected through the normal application path."",""Entire OneNote is permitted through the Source Root."",""Execution occurs only after successful validation."",""Missing Source-of-Truth Containers stop processing before execution."",""Persisted admission occurs first."",""Preliminary conflict evaluation occurs after admission."",""Preliminary conflicts stop processing before Source validation."",""Source-of-Truth validation occurs after preliminary conflict approval.""]",662,COMPLETE,2026-09-13 05:06:34.617284+00,null
scripts/code_testing/test_synchronization_conflict_service.py,test_synchronization_conflict_service.py,Python,Performs an isolated deterministic test of application-level synchronization conflict evaluation.,[],"[""Access a Source of Truth."",""Access the AlphaOmega database."",""Create Processing Jobs or Synchronization Runs."",""Detect Source Container Refresh conflicts."",""Execute synchronization."",""Reserve synchronization execution.""]","[""FakeSourceContainerRepository"",""FakeSyncRunRepository""]","[""__init__"",""build_service"",""find_active_by_source"",""find_active_source_container_ids_by_source"",""main"",""require_equal"",""test_boolean_conflict_result"",""test_disjoint_scope"",""test_no_active_runs"",""test_overlapping_scope"",""test_required_identity_validation""]","[""scripts.application.synchronization_conflict_service.SynchronizationConflictService"",""scripts.application.synchronization_scope_conflict_detector.SynchronizationScopeConflictDetector""]","[""scripts/application/synchronization_conflict_service.py"",""scripts/application/synchronization_scope_conflict_detector.py""]",[],[],[],"[""Active synchronization scopes are read for the requested Source."",""Boolean conflict evaluation reflects the returned conflict state."",""Disjoint synchronization scopes return no conflicts."",""No active Synchronization Runs short-circuit catalog loading."",""Overlapping active synchronization scopes are returned."",""Required request identities are validated."",""The active Source Container catalog is supplied to conflict detection.""]",438,COMPLETE,2026-09-13 05:06:34.617284+00,null
scripts/code_testing/test_synchronization_execution_service_database.py,test_synchronization_execution_service_database.py,Python,Validates the synchronization execution boundary using the real AlphaOmega database reservation mechanism while preventing live Source-of-Truth synchronization.,"[""Authenticate to the AlphaOmega database."",""Complete the reserved Processing Job through controlled orchestration."",""Confirm one Processing Job and Synchronization Run are created."",""Confirm reserved identity reaches Connector and Orchestrator stages."",""Invoke SynchronizationExecutionService."",""Locate the persisted OneNote Source Root."",""Use the real SynchronizationReservationRepository."",""Verify the Processing Job is no longer running.""]","[""Call Microsoft Graph."",""Delete synchronization history."",""Enumerate OneDrive or OneNote."",""Modify Knowledge Objects."",""Retrieve Source content."",""Run Translator, Discovery, Extraction, or Load.""]","[""ControlledConnectorSection"",""ControlledConnectorService"",""ControlledReservedOrchestrator""]","[""__init__"",""create_client"",""execute"",""find_onenote_root"",""find_onenote_source"",""load_processing_job"",""load_sync_run"",""main"",""run_reserved""]","[""common.security.local_credential_provider.LocalCredentialProvider"",""scripts.application.synchronization_execution_service.SynchronizationExecutionService"",""scripts.database.database_connection.DatabaseConnection"",""scripts.database.processing_job_repository.ProcessingJobRepository"",""scripts.database.synchronization_reservation_repository.SynchronizationReservationRepository"",""scripts.sync.source_container_root_service.SourceContainerRootService""]","[""common/security/local_credential_provider.py"",""scripts/application/synchronization_execution_service.py"",""scripts/database/database_connection.py"",""scripts/database/processing_job_repository.py"",""scripts/database/synchronization_reservation_repository.py"",""scripts/sync/source_container_root_service.py""]","[""processing_jobs"",""source_containers"",""sources"",""sync_runs""]",[],[],[],772,INCOMPLETE,2026-09-13 05:06:34.617284+00,null
scripts/code_testing/test_synchronization_preliminary_conflicts.py,test_synchronization_preliminary_conflicts.py,Python,Performs isolated deterministic tests of complete preliminary synchronization conflict evaluation.,[],"[""Access a Source of Truth."",""Access the AlphaOmega database."",""Create Processing Jobs or Synchronization Runs."",""Execute synchronization."",""Guarantee authoritative concurrency reservation."",""Perform persisted synchronization identity admission.""]","[""FakeRefreshStatusRepository"",""FakeSynchronizationConflictService""]","[""__init__"",""build_service"",""find_conflicts"",""has_active_refresh"",""main"",""require_equal"",""test_disjoint_sync_allows_progression"",""test_overlapping_sync_blocks_synchronization"",""test_refresh_blocks_synchronization"",""test_required_identity_validation""]","[""scripts.application.synchronization_preliminary_conflict_service.SynchronizationPreliminaryConflictService""]","[""scripts/application/synchronization_preliminary_conflict_service.py""]",[],[],[],"[""A disjoint running synchronization does not block synchronization."",""A running Source Container Refresh blocks synchronization."",""An overlapping running synchronization blocks synchronization."",""Conflict results identify the reason for rejection."",""No persisted conflicts allow progression to later admission stages."",""Refresh conflict takes precedence over synchronization scope lookup."",""Required request identities are validated.""]",394,COMPLETE,2026-09-13 05:06:34.617284+00,null
scripts/code_testing/test_synchronization_reservation_repository.py,test_synchronization_reservation_repository.py,Python,Validates SynchronizationReservationRepository using controlled database RPC behavior.,[],"[""Connect to the live AlphaOmega database."",""Create real Processing Jobs."",""Create real Synchronization Runs."",""Execute synchronization."",""Test PostgreSQL hierarchy conflict logic.""]","[""FakeDatabaseClient"",""FakeResponse"",""FakeRpcRequest""]","[""__init__"",""execute"",""main"",""require_equal"",""rpc"",""test_database_failure"",""test_invalid_rpc_result"",""test_required_inputs"",""test_successful_reservation""]","[""scripts.database.synchronization_reservation_repository.SynchronizationReservationRepository""]","[""scripts/database/synchronization_reservation_repository.py""]",[],[],[],"[""Database failures are surfaced as reservation failures."",""Invalid RPC results are rejected."",""Pipeline version and metadata are passed correctly."",""Required reservation inputs are validated."",""Source and Source Container identities are passed correctly."",""Successful reservation returns both operational identities."",""Synchronization reservation invokes the authoritative database RPC.""]",503,COMPLETE,2026-09-13 05:06:34.617284+00,null
scripts/code_testing/test_synchronization_scope_conflicts.py,test_synchronization_scope_conflicts.py,Python,Performs an isolated deterministic test of synchronization scope overlap rules using representative Source Container hierarchy data.,[],"[""Access the AlphaOmega database."",""Communicate with a Source of Truth."",""Create Processing Jobs or Synchronization Runs."",""Detect Source Container Refresh conflicts."",""Execute synchronization."",""Reserve synchronization execution.""]",[],"[""main"",""require_equal""]","[""scripts.application.synchronization_scope_conflict_detector.SynchronizationScopeConflictDetector""]","[""scripts/application/synchronization_scope_conflict_detector.py""]",[],[],[],"[""An active ancestor conflicts with a requested descendant."",""An active descendant conflicts with a requested ancestor."",""Containers belonging to another Source do not conflict."",""Disjoint Source Container branches do not conflict."",""Duplicate active scope identifiers do not duplicate conflicts."",""Multiple active scopes return only the scopes that overlap."",""Sibling Source Containers do not conflict."",""The same Source Container conflicts with itself.""]",396,COMPLETE,2026-09-13 05:06:34.617284+00,null
scripts/code_testing/test_synchronization_scope_connector.py,test_synchronization_scope_connector.py,Python,Validates the generic synchronization scope Connector routing boundary.,[],"[""Access the AlphaOmega database."",""Connect to Microsoft Graph."",""Create Processing Jobs or Synchronization Runs."",""Enumerate OneDrive or OneNote."",""Execute the synchronization pipeline.""]","[""FakeConnectorSection"",""FakeScopeConnector""]","[""__init__"",""expect_value_error"",""main"",""require"",""run""]","[""scripts.connectors.synchronization_scope_connector.SynchronizationScopeConnector""]","[""scripts/connectors/synchronization_scope_connector.py""]",[],[],[],"[""Duplicate source registrations are rejected."",""Missing Connector results are rejected."",""Missing Source or scope identity is rejected."",""OneDrive scope requests route only to the OneDrive Connector."",""OneNote scope requests route only to the OneNote Connector."",""Source names are matched without case sensitivity."",""The exact selected source-native Container identity is preserved."",""Unsupported Sources are rejected.""]",340,COMPLETE,2026-09-13 05:06:34.617284+00,null
scripts/code_testing/test_text_extractor_formats.py,test_text_extractor_formats.py,Python,Validates TextExtractor behavior for every currently supported extraction format without accessing an external Source of Truth.,[],"[""Access Microsoft Graph."",""Perform Discovery or Load."",""Persist Knowledge Objects."",""Retrieve live source objects.""]",[],"[""build_docx_bytes"",""build_pdf_bytes"",""build_xlsx_bytes"",""main"",""test_docx"",""test_html"",""test_pdf"",""test_plain_text"",""test_unsupported_format"",""test_xlsx""]","[""docx.Document"",""io"",""openpyxl.Workbook"",""reportlab.pdfgen.canvas"",""scripts.extraction.text_extractor.TextExtractor""]","[""scripts/extraction/text_extractor.py""]",[],[],[],"[""Controlled in-memory test documents can exercise format-specific"",""DOCX extraction produces canonical text."",""HTML extraction produces canonical text."",""PDF extraction produces canonical text."",""Plain text extraction produces canonical text."",""Unsupported formats are rejected."",""XLSX extraction produces canonical text."",""extraction behavior.""]",289,COMPLETE,2026-09-13 05:06:34.617284+00,null
scripts/connectors/base_connector.py,base_connector.py,Python,Defines the contract that all AlphaOmega connectors must follow.,"[""Define the common Connector interface."",""Establish ConnectorSection as the completed output of Connector"",""Require connectors to implement the run operation."",""processing.""]","[""Connect to a specific Source of Truth."",""Implement source-specific retrieval behavior."",""Perform Discovery, Extraction, or Load processing."",""Translate retrieved source objects.""]","[""BaseConnector""]","[""run""]",[],[],[],[],[],[],48,COMPLETE,2026-09-13 05:06:34.617284+00,null
scripts/connectors/connector_loader.py,connector_loader.py,Python,Loads the appropriate connector for a requested Source of Truth.,"[""Map supported Source of Truth names to their connector implementation."",""Reject unsupported Source of Truth names."",""Return a GraphConnector for supported OneDrive requests."",""Return a GraphConnector for supported OneNote requests.""]","[""Connect to Microsoft Graph."",""Execute the selected connector."",""Perform synchronization processing."",""Retrieve source objects.""]",[],"[""load_connector""]","[""scripts.connectors.graph_connector.GraphConnector""]",[],[],[],[],[],44,COMPLETE,2026-09-13 05:06:34.617284+00,null
scripts/connectors/connector_section.py,connector_section.py,Python,Stores the completed raw output produced by the Connector stage during a synchronization run.,"[""Provide completed Connector output through the shared synchronization"",""Record whether Connector processing succeeded."",""Store Connector-stage record errors."",""Store raw source objects produced by the Connector stage."",""section contract.""]","[""Connect to a Source of Truth."",""Modify Connector output after the section is locked."",""Retrieve source objects itself."",""Translate raw source objects.""]","[""ConnectorSection""]","[""__init__""]","[""scripts.sync.sync_base_section.BaseSection""]","[""scripts/sync/sync_base_section.py""]",[],[],[],[],61,COMPLETE,2026-09-13 05:06:34.617284+00,null
scripts/connectors/ms_graph/graph_connection.py,graph_connection.py,Python,Provides the authenticated HTTP connection boundary used to communicate with Microsoft Graph.,"[""Authenticate with Microsoft Graph."",""Build Microsoft Graph request URLs and authorization headers."",""Execute HTTP requests against Microsoft Graph."",""Maintain the authenticated Microsoft Graph session."",""Obtain Microsoft Graph access tokens."",""Return raw HTTP responses to consuming components.""]","[""Know about OneDrive."",""Know about OneNote."",""Make synchronization decisions."",""Normalize Microsoft Graph data."",""Parse source business objects."",""Traverse source repositories.""]",[],"[""_build_headers"",""_build_url"",""_get_access_token"",""_get_msal_application"",""_graph_request"",""graph_get""]","[""config.settings.GRAPH_CLIENT_ID"",""msal.PublicClientApplication"",""requests""]","[""config/settings.py""]",[],[],[],[],179,COMPLETE,2026-09-13 05:06:34.617284+00,null
scripts/connectors/ms_graph/graph_connector.py,graph_connector.py,Python,Executes the Connector stage for Microsoft Graph Sources of Truth.,"[""Completely enumerate the requested Microsoft Graph source."",""Handle Microsoft Graph paging."",""Preserve each object's Microsoft Graph source type."",""Preserve raw Microsoft Graph objects."",""Preserve source hierarchy information when Microsoft Graph"",""Preserve the containing OneNote Section modification timestamp"",""Recover from transient Microsoft Graph failures."",""Respect Microsoft Graph throttling."",""Return Connector output only after complete enumeration succeeds."",""Use source-specific retrieval strategies."",""comparison."",""provides enough information to prove that hierarchy."",""with OneNote Page connector metadata for downstream synchronization""]","[""Determine synchronization state."",""Extract canonical content."",""Normalize Microsoft Graph objects into AlphaOmega objects."",""Persist Knowledge Objects.""]","[""GraphConnector""]","[""_add_onenote_section"",""_add_onenote_section_group"",""_enumerate_onedrive"",""_enumerate_onenote"",""_enumerate_onenote_section_pages"",""_get_collection"",""_get_json"",""_get_onenote_name"",""_get_verified_onenote_page_order"",""_join_source_path"",""_validate_completed_section"",""_validate_onenote_page_levels"",""_wrap_object"",""run""]","[""requests"",""scripts.connectors.base_connector.BaseConnector"",""scripts.connectors.connector_section.ConnectorSection"",""scripts.connectors.ms_graph.graph_connection.graph_get"",""time""]","[""scripts/connectors/base_connector.py"",""scripts/connectors/connector_section.py"",""scripts/connectors/ms_graph/graph_connection.py""]",[],[],[],[],1405,COMPLETE,2026-09-13 05:06:34.617284+00,null
scripts/connectors/ms_graph/onedrive_container_enumerator.py,onedrive_container_enumerator.py,Python,Completely enumerates the current OneDrive container structure.,"[""Enumerate OneDrive using Microsoft Graph delta."",""Follow Microsoft Graph paging until enumeration is complete."",""Preserve each folder's Microsoft Graph source object ID."",""Preserve its human-readable name."",""Preserve its immediate parent source object ID when available."",""Require a final deltaLink as proof of complete enumeration."",""Return containers only.""]","[""Create Processing Jobs."",""Determine synchronization state."",""Persist Source Containers."",""Reconcile the Source Container Catalog."",""Retrieve file content."",""Synchronize content."",""Translate AlphaOmega Knowledge Objects.""]","[""OneDriveContainerEnumerator""]","[""enumerate""]","[""scripts.connectors.ms_graph.graph_connection.graph_get""]","[""scripts/connectors/ms_graph/graph_connection.py""]",[],[],[],[],161,COMPLETE,2026-09-13 05:06:34.617284+00,null
scripts/connectors/ms_graph/onedrive_container_validator.py,onedrive_container_validator.py,Python,Validates that a persisted OneDrive Source Container still exists in Microsoft Graph.,"[""Confirm that the returned driveItem remains a folder."",""Confirm that the returned object matches the requested identity."",""Preserve other Microsoft Graph failures as validation failures."",""Retrieve one OneDrive driveItem directly by Microsoft Graph ID."",""Treat Microsoft Graph HTTP 404 as confirmed absence.""]","[""Create Processing Jobs or Synchronization Runs."",""Determine synchronization conflicts."",""Enumerate the complete OneDrive container structure."",""Modify the Source Container Catalog."",""Perform persisted synchronization admission."",""Reserve or execute synchronization."",""Retrieve file content.""]","[""OneDriveContainerValidator""]","[""_build_result"",""_require_identifier"",""validate""]","[""requests"",""scripts.connectors.ms_graph.graph_connection.graph_get""]","[""scripts/connectors/ms_graph/graph_connection.py""]",[],[],[],[],183,COMPLETE,2026-09-13 05:06:34.617284+00,null
scripts/connectors/ms_graph/onedrive_content_retriever.py,onedrive_content_retriever.py,Python,Retrieves the raw content of one identified OneDrive source object for downstream Extraction.,"[""Retrieve one identified OneDrive file by its source object ID."",""Return the retrieved content for downstream Extraction."",""Use Microsoft Graph to retrieve the file's raw binary content.""]","[""Determine synchronization state."",""Enumerate OneDrive."",""Extract canonical content."",""Generate content hashes."",""Persist Knowledge Objects.""]","[""OneDriveContentRetriever""]","[""retrieve""]","[""scripts.connectors.ms_graph.graph_connection.graph_get""]","[""scripts/connectors/ms_graph/graph_connection.py""]",[],[],[],[],65,COMPLETE,2026-09-13 05:06:34.617284+00,null
scripts/connectors/ms_graph/onedrive_synchronization_scope_connector.py,onedrive_synchronization_scope_connector.py,Python,Completely enumerates one selected OneDrive folder synchronization scope.,"[""Begin from one selected OneDrive folder ID."",""Follow Microsoft Graph paging through the existing Graph Connector"",""Preserve raw Microsoft Graph driveItem objects."",""Recursively enumerate every descendant folder and file."",""Retrieve the selected folder."",""Return Connector output only after the selected scope has been"",""completely enumerated."",""retrieval behavior.""]","[""Create Processing Jobs or Synchronization Runs."",""Determine synchronization state."",""Enumerate the complete OneDrive Source."",""Execute Translator, Discovery, Extraction, or Load."",""Retrieve file content."",""Use the OneDrive root delta endpoint.""]","[""OneDriveSynchronizationScopeConnector""]","[""_require_text"",""_validate_scope_section"",""_validate_selected_folder"",""run""]","[""scripts.connectors.connector_section.ConnectorSection"",""scripts.connectors.ms_graph.graph_connector.GraphConnector""]","[""scripts/connectors/connector_section.py"",""scripts/connectors/ms_graph/graph_connector.py""]",[],[],[],[],337,COMPLETE,2026-09-13 05:06:34.617284+00,null
scripts/connectors/ms_graph/onenote_container_enumerator.py,onenote_container_enumerator.py,Python,Completely enumerates the current OneNote container structure.,"[""Enumerate OneNote notebooks."",""Enumerate section groups, including nested section groups."",""Enumerate sections."",""Preserve each container's Microsoft Graph source object ID."",""Preserve its human-readable name."",""Preserve its immediate parent source object ID."",""Return containers only after enumeration completes successfully.""]","[""Create Processing Jobs."",""Determine synchronization state."",""Enumerate OneNote pages."",""Persist Source Containers."",""Reconcile the Source Container Catalog."",""Retrieve OneNote page content."",""Synchronize content."",""Translate AlphaOmega Knowledge Objects.""]","[""OneNoteContainerEnumerator""]","[""_add_section"",""_add_section_group"",""_get_collection"",""enumerate""]","[""scripts.connectors.ms_graph.graph_connection.graph_get""]","[""scripts/connectors/ms_graph/graph_connection.py""]",[],[],[],[],309,COMPLETE,2026-09-13 05:06:34.617284+00,null
scripts/connectors/ms_graph/onenote_container_validator.py,onenote_container_validator.py,Python,Validates that a persisted OneNote Source Container or the AlphaOmega Source Root is currently available through Microsoft Graph.,"[""Confirm absence of ordinary Containers only after complete"",""Obtain a complete current OneNote container observation."",""OneNote enumeration."",""Reuse the established OneNote container enumeration capability."",""Validate ordinary OneNote Containers by Microsoft Graph object ID."",""Validate the AlphaOmega Source Root through successful complete"",""enumeration succeeds.""]","[""Create Processing Jobs or Synchronization Runs."",""Determine synchronization conflicts."",""Enumerate OneNote pages."",""Modify the Source Container Catalog."",""Perform persisted synchronization admission."",""Reserve or execute synchronization."",""Retrieve OneNote page content.""]","[""OneNoteContainerValidator""]","[""__init__"",""_build_result"",""_require_identifier"",""validate""]","[""scripts.connectors.ms_graph.onenote_container_enumerator.OneNoteContainerEnumerator"",""scripts.sync.source_container_root_service.SourceContainerRootService""]","[""scripts/connectors/ms_graph/onenote_container_enumerator.py"",""scripts/sync/source_container_root_service.py""]",[],[],[],[],229,COMPLETE,2026-09-13 05:06:34.617284+00,null
scripts/connectors/ms_graph/onenote_content_retriever.py,onenote_content_retriever.py,Python,Retrieves the raw content of one identified OneNote content object for downstream Extraction.,"[""Require the requested object to be eligible CONTENT."",""Retrieve one identified OneNote content object by its source object ID."",""Return the retrieved content for downstream Extraction."",""Use Microsoft Graph to retrieve the object's raw content.""]","[""Determine synchronization state."",""Enumerate OneNote."",""Extract canonical content."",""Generate content hashes."",""Persist Knowledge Objects.""]","[""OneNoteContentRetriever""]","[""retrieve""]","[""common.object_types.CONTENT"",""scripts.connectors.ms_graph.graph_connection.graph_get""]","[""common/object_types.py"",""scripts/connectors/ms_graph/graph_connection.py""]",[],[],[],[],80,COMPLETE,2026-09-13 05:06:34.617284+00,null
scripts/connectors/ms_graph/onenote_synchronization_scope_connector.py,onenote_synchronization_scope_connector.py,Python,Completely enumerates one selected OneNote Container synchronization scope.,"[""Accept one selected OneNote Container source-native identity."",""Enumerate only the selected Container and its descendants."",""Preserve the containing Section modification timestamp with Pages."",""Resolve whether the selected Container is a notebook,"",""Return Connector output only after complete scope enumeration."",""Reuse the existing Graph Connector's OneNote hierarchy behavior."",""section group, or section.""]","[""Create Processing Jobs or Synchronization Runs."",""Determine synchronization state."",""Execute Discovery, Extraction, or Load."",""Extract canonical content."",""Perform whole-Source OneNote enumeration."",""Refresh the Source Container Catalog."",""Whole-Source OneNote synchronization remains the responsibility of the"",""existing GraphConnector.run(\""onenote\"") path.""]","[""OneNoteSynchronizationScopeConnector""]","[""_enumerate_notebook_scope"",""_enumerate_section_group_scope"",""_enumerate_section_scope"",""_get_object_if_found"",""_require_text"",""_resolve_selected_container"",""_validate_scope_section"",""run""]","[""requests"",""scripts.connectors.connector_section.ConnectorSection"",""scripts.connectors.ms_graph.graph_connection.graph_get"",""scripts.connectors.ms_graph.graph_connector.GraphConnector""]","[""scripts/connectors/connector_section.py"",""scripts/connectors/ms_graph/graph_connection.py"",""scripts/connectors/ms_graph/graph_connector.py""]",[],[],[],[],682,COMPLETE,2026-09-13 05:06:34.617284+00,null
scripts/connectors/source_container_validator.py,source_container_validator.py,Python,Routes Source Container validation to the validator responsible for the selected Source of Truth.,"[""Accept Source Container validation requests through one stable"",""Connector-layer interface."",""Provide an extensible registration point for future Sources of Truth."",""Return source-specific validation results without interpreting them."",""Route validation to the registered source-specific validator.""]","[""Communicate directly with any Source of Truth."",""Contain Microsoft Graph-specific behavior."",""Create Processing Jobs or Synchronization Runs."",""Determine synchronization conflicts."",""Modify the Source Container Catalog."",""Perform persisted synchronization admission."",""Reserve or execute synchronization.""]","[""SourceContainerValidator""]","[""__init__"",""_require_identifier"",""validate""]",[],[],[],[],[],[],132,COMPLETE,2026-09-13 05:06:34.617284+00,null
scripts/connectors/synchronization_scope_connector.py,synchronization_scope_connector.py,Python,Provides the generic Connector boundary for enumerating one selected synchronization scope.,"[""Accept the canonical Source name and source-native Container identity."",""Preserve an extensible boundary for future Sources of Truth."",""Require source-specific Connectors to enumerate only the requested scope."",""Route the requested scope to the registered source-specific Connector.""]","[""Create Processing Jobs or Synchronization Runs."",""Determine synchronization scope from AlphaOmega database identity."",""Execute Translator, Discovery, Extraction, or Load."",""Implement Microsoft Graph retrieval."",""Perform conflict detection."",""Perform persisted admission."",""Reserve synchronization execution.""]","[""SynchronizationScopeConnector""]","[""__init__"",""_require_text"",""run""]",[],[],[],[],[],[],186,COMPLETE,2026-09-13 05:06:34.617284+00,null
scripts/database/database_connection.py,database_connection.py,Python,Establishes authenticated access to the AlphaOmega Supabase database.,"[""Create the Supabase database client."",""CredentialProvider."",""Keep credential retrieval behind the credential-provider boundary."",""Provide the established client to database repositories and services."",""Retrieve required database credentials through the configured""]","[""Determine synchronization behavior."",""Execute synchronization stages."",""Implement repository operations."",""Own database schema definitions."",""Store credentials.""]","[""DatabaseConnection""]","[""__init__"",""_get_configuration"",""connect""]","[""common.security.credential_provider.CredentialProvider"",""os"",""supabase.Client"",""supabase.create_client""]","[""common/security/credential_provider.py""]",[],[],[],[],151,COMPLETE,2026-09-13 05:06:34.617284+00,null
scripts/database/knowledge_object_repository.py,knowledge_object_repository.py,Python,Provides database access to canonical AlphaOmega Knowledge Objects.,"[""Create new Knowledge Objects."",""Find Knowledge Objects by source identity."",""Own storage-specific operations against the knowledge_objects table."",""Update existing Knowledge Objects."",""Validate persistence inputs and expected database results.""]","[""Decide whether a Knowledge Object should be created or updated."",""Determine synchronization state."",""Execute synchronization stages."",""Extract or transform source content.""]","[""KnowledgeObjectRepository""]","[""__init__"",""create"",""find_by_source_identity"",""update""]","[""supabase.Client"",""typing.Any"",""typing.Mapping"",""typing.Optional""]",[],"[""knowledge_objects""]",[],[],[],266,COMPLETE,2026-09-13 05:06:34.617284+00,null
scripts/database/processing_job_repository.py,processing_job_repository.py,Python,Provides database persistence operations for AlphaOmega Processing Jobs.,"[""Create Processing Job records."",""Mark Processing Jobs completed."",""Mark Processing Jobs failed."",""Own storage-specific lifecycle updates against the processing_jobs table."",""Validate Processing Job identity and expected update results.""]","[""Coordinate synchronization stages."",""Decide when a Processing Job should be created."",""Determine synchronization success or failure."",""Execute Connector, Translator, Discovery, Extraction, or Load."",""Generate synchronization correlation identity.""]","[""ProcessingJobRepository""]","[""__init__"",""_validate_processing_job_id"",""_validate_single_update"",""complete"",""create"",""fail""]","[""datetime.datetime"",""datetime.timezone""]",[],"[""processing_jobs""]",[],[],[],284,COMPLETE,2026-09-13 05:06:34.617284+00,null
scripts/database/source_container_refresh_reservation_repository.py,source_container_refresh_reservation_repository.py,Python,Provides the database boundary for atomically reserving one complete Source Container Refresh operation.,"[""Check for an active operation against the Source through the"",""Create the running Processing Job as part of the same atomic operation."",""Invoke the reserve_source_container_refresh database RPC."",""Reserve the complete Source for Refresh."",""Return the Processing Job identity created by the reservation."",""database reservation operation.""]","[""Apply catalog changes."",""Complete or fail Processing Jobs."",""Enumerate Source Containers."",""Reconcile the Source Container Catalog.""]","[""SourceContainerRefreshReservationRepository""]","[""__init__"",""_require_text"",""reserve""]",[],[],[],"[""reserve_source_container_refresh""]",[],[],159,COMPLETE,2026-09-13 05:06:34.617284+00,null
scripts/database/source_container_refresh_status_repository.py,source_container_refresh_status_repository.py,Python,Provides read-only database access to active Source Container Refresh state for registered AlphaOmega Sources.,"[""Determine whether a complete-Source Refresh is currently active."",""Limit Refresh status lookup to one requested Source."",""Read running Source Container Refresh Processing Jobs."",""Return the active Refresh Processing Job identities.""]","[""Create or update Processing Jobs."",""Determine synchronization hierarchy conflicts."",""Enumerate Source Containers."",""Execute synchronization."",""Reconcile or persist Source Container catalogs."",""Reserve a Source Container Refresh.""]","[""SourceContainerRefreshStatusRepository""]","[""__init__"",""_require_identifier"",""find_active_by_source"",""has_active_refresh""]",[],[],"[""processing_jobs""]",[],[],[],128,COMPLETE,2026-09-13 05:06:34.617284+00,null
scripts/database/source_container_repository.py,source_container_repository.py,Python,Provides database access to persisted AlphaOmega Source Containers.,"[""Find a Source Container by AlphaOmega identity."",""Find a Source Container by Source and source-native identity."",""Own ordinary database access to the source_containers table."",""Retrieve Source Containers belonging to a Source."",""Retrieve active Source Containers belonging to a Source.""]","[""Build application presentation structures."",""Decide synchronization scope."",""Enumerate Sources of Truth."",""Perform Source Container Refresh reconciliation.""]","[""SourceContainerRepository""]","[""__init__"",""find_active_by_source"",""find_by_id"",""find_by_source"",""find_by_source_identity""]",[],[],"[""source_containers""]",[],[],[],311,COMPLETE,2026-09-13 05:06:34.617284+00,null
scripts/database/source_repository.py,source_repository.py,Python,Provides database access to AlphaOmega Source records required by synchronization and application services.,"[""Find a Source by AlphaOmega identity."",""Own ordinary database access to the sources table."",""Resolve a Source identity by registered Source name."",""Retrieve enabled Sources.""]","[""Connect to a Source of Truth."",""Decide synchronization scope."",""Enumerate Source Containers."",""Execute synchronization."",""Register or modify Sources.""]","[""SourceRepository""]","[""__init__"",""find_by_id"",""find_enabled"",""find_id_by_name""]","[""supabase.Client"",""typing.Optional""]",[],"[""sources""]",[],[],[],251,COMPLETE,2026-09-13 05:06:34.617284+00,null
scripts/database/sync_run_repository.py,sync_run_repository.py,Python,Provides database read operations for persisted AlphaOmega Synchronization Runs.,"[""Determine which Synchronization Runs have running Processing Jobs."",""Keep synchronization-specific persistence access isolated from"",""Read Synchronization Runs for one registered Source."",""Return active synchronization scope using persisted AlphaOmega"",""Source Container identities."",""application services.""]","[""Access a Source of Truth."",""Create Synchronization Runs."",""Create or update Processing Jobs."",""Determine synchronization scope conflicts."",""Execute synchronization."",""Reserve synchronization execution.""]","[""SyncRunRepository""]","[""__init__"",""_require_identifier"",""_require_record_identifier"",""find_active_by_source"",""find_active_source_container_ids_by_source""]",[],[],"[""processing_jobs"",""sync_runs""]",[],[],[],245,COMPLETE,2026-09-13 05:06:34.617284+00,null
scripts/database/synchronization_reservation_repository.py,synchronization_reservation_repository.py,Python,Provides the database boundary for atomically reserving one admitted synchronization scope.,"[""Invoke the authoritative reserve_synchronization database RPC."",""Preserve the database transaction as the authoritative reservation"",""Return the Processing Job and Synchronization Run identities created"",""Submit Processing Job pipeline version and metadata."",""Submit the admitted Source and Source Container identities."",""boundary."",""by the database reservation.""]","[""Communicate with a Source of Truth."",""Create Processing Jobs independently."",""Create Synchronization Runs independently."",""Determine hierarchy overlap in Python."",""Execute synchronization."",""Perform persisted synchronization admission."",""Perform preliminary conflict detection.""]","[""SynchronizationReservationRepository""]","[""__init__"",""_require_text"",""reserve""]",[],[],[],"[""reserve_synchronization""]",[],[],207,COMPLETE,2026-09-13 05:06:34.617284+00,null
scripts/discovery/discovery_comparator.py,discovery_comparator.py,Python,Compares canonical translated source facts with persisted Knowledge Object facts to determine whether synchronization-relevant metadata has changed.,"[""Compare the synchronization fields owned by Discovery."",""Identify factual differences between translated source state and"",""Return comparison results used by Discovery to distinguish MODIFIED"",""from UNCHANGED records."",""persisted Knowledge Object state.""]","[""Determine whether a source object is NEW."",""Perform Extraction or Load."",""Persist synchronization results."",""Retrieve Knowledge Objects."",""Retrieve source content.""]","[""DiscoveryComparator""]","[""_normalize_datetime"",""compare""]","[""datetime.datetime""]",[],[],[],[],[],128,COMPLETE,2026-09-13 05:06:34.617284+00,null
scripts/discovery/discovery_record.py,discovery_record.py,Python,Represents the synchronization decision produced by Discovery for one translated source object.,"[""Indicate whether downstream Extraction is required."",""Preserve orchestration correlation identity."",""Preserve the previous content hash when applicable."",""Store resolved Knowledge Object identity when one exists."",""Store the Discovery synchronization state."",""Store the factual reason for the comparison result.""]","[""Copy or reinterpret Translator-owned source facts."",""Perform Extraction or Load."",""Persist Knowledge Objects."",""Retrieve source content.""]","[""DiscoveryRecord""]","[""__init__""]",[],[],[],[],[],[],57,COMPLETE,2026-09-13 05:06:34.617284+00,null
scripts/discovery/discovery_section.py,discovery_section.py,Python,Stores the completed output produced by the Discovery stage during a synchronization run.,"[""Provide completed Discovery output through the shared synchronization"",""Record whether Discovery completed successfully."",""Store DiscoveryRecords produced by Discovery."",""Store record-level Discovery errors."",""section contract.""]","[""Allow modification after the section is locked."",""Execute Discovery itself."",""Modify Translator-owned information."",""Perform Extraction or Load.""]","[""DiscoverySection""]","[""__init__""]","[""scripts.sync.sync_base_section.BaseSection""]","[""scripts/sync/sync_base_section.py""]",[],[],[],[],48,COMPLETE,2026-09-13 05:06:34.617284+00,null
scripts/discovery/discovery_service.py,discovery_service.py,Python,Executes the Discovery stage by comparing translated source facts with persisted AlphaOmega Knowledge Object facts.,"[""Classify records as NEW, MODIFIED, or UNCHANGED."",""Determine whether Extraction is required."",""Isolate record-level Discovery failures."",""Locate existing Knowledge Objects by source identity."",""Preserve orchestration correlation identity."",""Produce and lock the completed DiscoverySection."",""Record factual comparison reasons."",""Report stage-level Discovery failures."",""Resolve registered Source identity."",""Reuse Source identity within a Discovery run.""]","[""Modify Translator-owned facts."",""Perform Extraction or Load."",""Perform semantic interpretation."",""Persist Knowledge Object changes."",""Retrieve source content.""]","[""DiscoveryService""]","[""__init__"",""_build_record_error"",""_discover_record"",""_resolve_source_id"",""run""]","[""scripts.discovery.discovery_comparator.DiscoveryComparator"",""scripts.discovery.discovery_record.DiscoveryRecord"",""scripts.discovery.discovery_section.DiscoverySection"",""scripts.sync.sync_exceptions.DiscoveryError"",""scripts.sync.sync_exceptions.DiscoveryRecordError"",""scripts.sync.sync_state.SyncState""]","[""scripts/discovery/discovery_comparator.py"",""scripts/discovery/discovery_record.py"",""scripts/discovery/discovery_section.py"",""scripts/sync/sync_exceptions.py"",""scripts/sync/sync_state.py""]",[],[],[],[],287,COMPLETE,2026-09-13 05:06:34.617284+00,null
scripts/extraction/content_hasher.py,content_hasher.py,Python,Produces deterministic hashes for canonical extracted content.,"[""Accept canonical content for hashing."",""Produce the canonical SHA-256 content hash used by synchronization."",""Provide deterministic hash results for equivalent canonical content.""]","[""Determine synchronization state."",""Extract canonical text."",""Persist Knowledge Objects."",""Retrieve source content.""]","[""ContentHasher""]","[""generate""]","[""hashlib""]",[],[],[],[],[],58,COMPLETE,2026-09-13 05:06:34.617284+00,null
scripts/extraction/content_retriever_router.py,content_retriever_router.py,Python,Selects the appropriate source-specific content retriever for Extraction.,"[""Keep source-specific retrieval selection outside ExtractionService."",""Reject unsupported Source or object combinations."",""Route supported OneDrive content requests to the OneDrive retriever."",""Route supported OneNote content requests to the OneNote retriever.""]","[""Determine synchronization state."",""Enumerate Sources of Truth."",""Extract canonical content."",""Persist Knowledge Objects."",""Retrieve content itself.""]","[""ContentRetrieverRouter""]","[""__init__"",""get_retriever""]","[""scripts.connectors.ms_graph.onedrive_content_retriever.OneDriveContentRetriever"",""scripts.connectors.ms_graph.onenote_content_retriever.OneNoteContentRetriever""]","[""scripts/connectors/ms_graph/onedrive_content_retriever.py"",""scripts/connectors/ms_graph/onenote_content_retriever.py""]",[],[],[],[],92,COMPLETE,2026-09-13 05:06:34.617284+00,null
scripts/extraction/extraction_record.py,extraction_record.py,Python,Represents the canonical knowledge produced by Extraction for one source object requiring extraction.,"[""Preserve orchestration correlation identity."",""Store Extraction-owned canonical metadata."",""Store canonical extracted content."",""Store extractor identity and extraction timestamp."",""Store the canonical content hash."",""Validate required Extraction output.""]","[""Copy or reinterpret Translator or Discovery fields."",""Determine synchronization state."",""Generate or interpret correlation identity."",""Persist Knowledge Objects."",""Retrieve source content.""]","[""ExtractionRecord""]","[""__init__"",""validate""]",[],[],[],[],[],[],114,COMPLETE,2026-09-13 05:06:34.617284+00,null
scripts/extraction/extraction_section.py,extraction_section.py,Python,Stores the completed output produced by the Extraction stage during a synchronization run.,"[""Provide completed Extraction output through the shared synchronization"",""Record whether Extraction completed successfully."",""Store ExtractionRecords produced by Extraction."",""Store record-level Extraction errors."",""section contract.""]","[""Allow modification after the section is locked."",""Determine synchronization state."",""Execute Extraction itself."",""Perform Load.""]","[""ExtractionSection""]","[""__init__""]","[""scripts.sync.sync_base_section.BaseSection""]","[""scripts/sync/sync_base_section.py""]",[],[],[],[],48,COMPLETE,2026-09-13 05:06:34.617284+00,null
scripts/extraction/extraction_service.py,extraction_service.py,Python,Coordinates Extraction for source objects already determined by synchronization orchestration to require extraction.,"[""Generate canonical content hashes."",""Isolate record-level Extraction failures."",""Perform format-specific canonical content extraction."",""Preserve orchestration correlation identity."",""Produce Extraction-owned factual metadata."",""Produce ExtractionRecords."",""Produce and lock the completed ExtractionSection."",""Report stage-level Extraction failures."",""Retrieve source content through registered content retrievers.""]","[""Determine synchronization state."",""Enumerate Sources of Truth."",""Generate or interpret orchestration correlation identity."",""Perform AI interpretation or enrichment."",""Persist Knowledge Objects."",""Translate source metadata.""]","[""ExtractionService""]","[""__init__"",""_extract_record"",""_resolve_extraction_file_name"",""_retrieve_content"",""run""]","[""datetime.datetime"",""datetime.timezone"",""scripts.extraction.content_hasher.ContentHasher"",""scripts.extraction.content_retriever_router.ContentRetrieverRouter"",""scripts.extraction.extraction_record.ExtractionRecord"",""scripts.extraction.extraction_section.ExtractionSection"",""scripts.extraction.text_extractor.TextExtractor"",""scripts.sync.sync_exceptions.ExtractionError"",""scripts.sync.sync_exceptions.ExtractionRecordError""]","[""scripts/extraction/content_hasher.py"",""scripts/extraction/content_retriever_router.py"",""scripts/extraction/extraction_record.py"",""scripts/extraction/extraction_section.py"",""scripts/extraction/text_extractor.py"",""scripts/sync/sync_exceptions.py""]",[],[],[],[],345,COMPLETE,2026-09-13 05:06:34.617284+00,null
scripts/extraction/text_extractor.py,text_extractor.py,Python,Produces canonical text content from supported source formats.,"[""Determine whether a file format is supported for text extraction."",""Extract canonical text from DOCX documents."",""Extract canonical text from HTML."",""Extract canonical text from PDF documents."",""Extract canonical text from XLSX workbooks."",""Extract canonical text from plain-text files."",""Reject unsupported extraction formats.""]","[""Determine synchronization state."",""Generate content hashes."",""Perform AI interpretation or enrichment."",""Persist Knowledge Objects."",""Retrieve source objects.""]","[""TextExtractor""]","[""_extract_docx"",""_extract_html"",""_extract_pdf"",""_extract_txt"",""_extract_xlsx"",""extract"",""supports""]","[""bs4.BeautifulSoup"",""docx.Document"",""io"",""openpyxl.load_workbook"",""pathlib.Path"",""pypdf.PdfReader""]",[],[],[],[],[],206,COMPLETE,2026-09-13 05:06:34.617284+00,null
scripts/load/load_repository.py,load_repository.py,Python,Provides the persistence boundary used by Load to write synchronized Knowledge Object and synchronization-history data.,"[""Create new Knowledge Objects through the Knowledge Object repository."",""Keep Load persistence operations behind repository boundaries."",""Record synchronization history through the synchronization history"",""Update existing Knowledge Objects through the Knowledge Object"",""repository.""]","[""Decide whether a record is eligible for Load."",""Determine synchronization state."",""Execute synchronization orchestration."",""Retrieve or extract source content.""]","[""LoadRepository""]","[""__init__"",""persist""]","[""supabase.Client"",""typing.Any"",""typing.Mapping"",""typing.Optional""]",[],[],"[""load_knowledge_object""]",[],[],185,COMPLETE,2026-09-13 05:06:34.617284+00,null
scripts/load/load_section.py,load_section.py,Python,Stores the completed output produced by the Load stage during a synchronization run.,"[""Provide completed Load output through the shared synchronization"",""Record whether Load completed successfully."",""Store LoadRecords produced by Load."",""Store record-level Load errors."",""section contract.""]","[""Allow modification after the section is locked."",""Determine synchronization state."",""Execute Load itself."",""Modify upstream stage records.""]","[""LoadSection""]","[""__init__""]","[""scripts.sync.sync_base_section.BaseSection""]","[""scripts/sync/sync_base_section.py""]",[],[],[],[],49,COMPLETE,2026-09-13 05:06:34.617284+00,null
scripts/load/load_service.py,load_service.py,Python,Executes the Load stage for synchronization associations eligible for persistence in the Canonical Knowledge Repository.,"[""Isolate record-level Load failures."",""Persist NEW Knowledge Objects."",""Preserve orchestration correlation identity across Load."",""Produce and lock the completed LoadSection."",""Record synchronization history for persisted changes."",""Report stage-level Load failures."",""Reuse resolved Source identity within a Load run."",""Update MODIFIED Knowledge Objects."",""Validate required Translator, Discovery, and Extraction results.""]","[""Determine synchronization state."",""Load UNCHANGED records."",""Perform AI interpretation or enrichment."",""Retrieve source content."",""Translate source metadata.""]","[""LoadService""]","[""__init__"",""_build_metadata"",""_build_record_error"",""_get_root_cause"",""_load_association"",""_resolve_source_id"",""_to_persistence_safe"",""_validate_correlation"",""run""]","[""collections.abc.Mapping"",""collections.abc.Sequence"",""scripts.load.load_section.LoadSection"",""scripts.sync.sync_state.SyncState""]","[""scripts/load/load_section.py"",""scripts/sync/sync_state.py""]",[],[],[],[],665,COMPLETE,2026-09-13 05:06:34.617284+00,null
scripts/load/sql/load_knowledge_object.sql,load_knowledge_object.sql,SQL,Provides the database operation used by Load to persist a Knowledge Object and its synchronization history within the required database transaction boundary.,"[""Keep related Load persistence within the approved database"",""Persist the Knowledge Object changes supplied by Load."",""Persist the associated synchronization history event."",""transaction boundary.""]","[""Decide whether a record is eligible for Load."",""Determine synchronization state."",""Execute synchronization orchestration."",""Retrieve or extract source content.""]",[],[],[],[],"[""knowledge_objects"",""sync_history""]",[],"[""load_knowledge_object""]",[],139,COMPLETE,2026-09-13 05:06:34.617284+00,null
scripts/orchestration/sync_orchestrator.py,sync_orchestrator.py,Python,Coordinates execution of the AlphaOmega synchronization pipeline for one requested Source.,"[""Assign orchestration correlation identity before Translation."",""Complete or fail the applicable Processing Job based on execution"",""Execute Discovery for eligible CONTENT."",""Execute Extraction for eligible records."",""Execute Load for eligible changed content."",""Execute Translator processing."",""Maintain cross-stage synchronization associations."",""Preserve CONTAINER objects at their synchronization boundary."",""Processing Job and executes its configured Connector."",""Route NEW and MODIFIED records requiring Extraction."",""Stop MODIFIED records before Load when canonical content is unchanged."",""Support the existing synchronization path that creates its own"",""Support the production application path that consumes an already"",""outcome."",""reserved Processing Job and completed ConnectorSection.""]","[""Create a second Processing Job for an already-reserved synchronization."",""Perform application-layer synchronization admission."",""Provide UI presentation."",""Refresh the Source Container Catalog."",""Reimplement stage-owned business logic."",""Reserve synchronization."",""Select synchronization scope."",""Treat CONTAINER objects as Knowledge Objects.""]","[""SynchronizationOrchestrator"",""_DiscoveryInputView""]","[""__init__"",""_attach_discovery_records"",""_attach_extraction_records"",""_attach_translator_records"",""_build_counts"",""_create_associations"",""_execute_pipeline"",""_fail_processing_job"",""_require_text"",""_select_discovery_records"",""_select_extraction_associations"",""_select_load_associations"",""_validate_locked_section"",""_validate_run_request"",""run"",""run_reserved""]","[""common.object_types.CONTENT"",""scripts.sync.sync_association.SynchronizationAssociation"",""scripts.sync.sync_state.SyncState"",""scripts.sync.sync_translation_input.TranslationInput""]","[""common/object_types.py"",""scripts/sync/sync_association.py"",""scripts/sync/sync_state.py"",""scripts/sync/sync_translation_input.py""]",[],[],[],[],1221,COMPLETE,2026-09-13 05:06:34.617284+00,null
scripts/sync/source_container_observation_validator.py,source_container_observation_validator.py,Python,Validates Source Container observations before reconciliation or persistence decisions are allowed.,"[""Reject duplicate source-native container identities."",""Reject structurally invalid Source Container observations."",""Require complete observations where completeness is necessary."",""Validate parent relationships within the observed hierarchy."",""Validate required Source Container identity fields.""]","[""Compare observations with persisted catalog state."",""Enumerate Sources of Truth."",""Infer absence from incomplete observations."",""Persist Source Containers."",""Synchronize content.""]","[""SourceContainerObservationValidator""]","[""validate""]",[],[],[],[],[],[],194,COMPLETE,2026-09-13 05:06:34.617284+00,null
scripts/sync/source_container_reconciler.py,source_container_reconciler.py,Python,Compares a validated complete Source Container observation with persisted catalog state.,"[""Identify existing Source Containers."",""Identify newly observed Source Containers."",""Identify persisted containers absent from the complete observation."",""Identify previously inactive containers that have reappeared."",""Produce reconciliation results required for atomic persistence.""]","[""Deactivate Source Containers itself."",""Enumerate Sources of Truth."",""Persist reconciliation results."",""Synchronize content."",""Validate observation completeness.""]","[""SourceContainerReconciler""]","[""reconcile""]",[],[],[],[],[],[],196,COMPLETE,2026-09-13 05:06:34.617284+00,null
scripts/sync/source_container_refresh_service.py,source_container_refresh_service.py,Python,Coordinates one complete production Source Container Refresh.,"[""Add the AlphaOmega-managed Source Root Container."",""Apply reconciliation results through the atomic Refresh database"",""Complete or fail the Processing Job."",""Invoke the injected Source-specific container enumerator."",""Measure and return Refresh operational results."",""Reconcile observed and persisted containers."",""Reserve the Source for Refresh and create its Processing Job atomically."",""Retrieve persisted Source Container state."",""Validate the complete Source Container observation."",""operation.""]","[""Combine separate Sources into one Processing Job."",""Create Knowledge Objects."",""Implement Source-specific enumeration."",""Synchronize source content."",""Treat incomplete enumeration as proof of absence.""]","[""SourceContainerRefreshService""]","[""__init__"",""refresh""]","[""json"",""time.perf_counter""]",[],[],"[""apply_source_container_refresh""]",[],[],524,COMPLETE,2026-09-13 05:06:34.617284+00,null
scripts/sync/source_container_root_service.py,source_container_root_service.py,Python,Adds the AlphaOmega-managed Source Root Container to a validated Source Container hierarchy.,"[""Add one Source Root Container to a validated container hierarchy."",""Attach source-native top-level containers to the Source Root."",""Define the stable AlphaOmega Source Root identity."",""Preserve all existing source-native parent relationships.""]","[""Access the database."",""Decide whether the Source Root is selectable for synchronization."",""Enumerate a Source of Truth."",""Persist Source Containers."",""Reconcile catalog state."",""Validate Source observations.""]","[""SourceContainerRootService""]","[""add_root""]",[],[],[],[],[],[],170,COMPLETE,2026-09-13 05:06:34.617284+00,null
scripts/sync/sql/apply_source_container_refresh.sql,apply_source_container_refresh.sql,SQL,Applies one reconciled Source Container Refresh as an atomic database operation.,"[""Apply Source Container upserts for the Refresh."",""Apply required Source Container deactivations."",""Coordinate the approved Source Container persistence operations."",""Keep catalog changes within one database transaction boundary.""]","[""Enumerate a Source of Truth."",""Perform reconciliation."",""Synchronize content."",""Validate Source Container observations.""]",[],[],[],[],"[""TRUE""]","[""deactivate_source_containers"",""upsert_source_containers""]","[""apply_source_container_refresh""]",[],122,COMPLETE,2026-09-13 05:06:34.617284+00,null
scripts/sync/sql/deactivate_source_containers.sql,deactivate_source_containers.sql,SQL,Deactivates persisted Source Containers proven absent by an approved complete Source Container Refresh.,"[""Apply deactivation to the persisted source_containers catalog."",""Mark the supplied Source Containers inactive."",""Preserve catalog records rather than deleting them.""]","[""Accept incomplete enumeration as proof of absence."",""Determine which Source Containers are absent."",""Enumerate a Source of Truth."",""Synchronize content.""]",[],[],[],[],"[""source_containers""]",[],"[""deactivate_source_containers""]",[],92,COMPLETE,2026-09-13 05:06:34.617284+00,null
scripts/sync/sql/reserve_source_container_refresh.sql,reserve_source_container_refresh.sql,SQL,Atomically reserves one Source for complete Source Container Refresh and creates the associated running Processing Job.,"[""Create the running Processing Job within the reservation operation."",""Detect conflicting active Refresh execution for the Source."",""Reserve the Source for one Refresh operation."",""Return the created Processing Job identity.""]","[""Apply Source Container catalog changes."",""Complete or fail Processing Jobs."",""Enumerate Source Containers."",""Reserve content synchronization.""]",[],[],[],[],"[""processing_jobs""]",[],"[""reserve_source_container_refresh""]",[],128,COMPLETE,2026-09-13 05:06:34.617284+00,null
scripts/sync/sql/reserve_synchronization.sql,reserve_synchronization.sql,SQL,Atomically admits and reserves one Source Container synchronization scope and creates its operational persistence records.,"[""Allow sibling and otherwise disjoint synchronization scopes."",""Create the associated Synchronization Run within the same transaction."",""Create the running Processing Job within the reservation transaction."",""Generate Synchronization Run identity when the table does not provide"",""Reject same-Container and ancestor/descendant synchronization conflicts."",""Reject synchronization while Source Container Refresh is active."",""Return the created Processing Job and Synchronization Run identities."",""Revalidate the registered Source and selected Source Container."",""Serialize synchronization admission decisions for one Source."",""a database default.""]","[""Communicate with a Source of Truth."",""Complete or fail Processing Jobs."",""Execute synchronization stages."",""Perform preliminary conflict checking."",""Refresh Source Containers.""]",[],[],[],[],"[""TRUE"",""active_ancestors"",""active_scopes"",""processing_jobs"",""requested_ancestors"",""source_containers"",""sources"",""sync_runs""]",[],"[""reserve_synchronization""]",[],356,COMPLETE,2026-09-13 05:06:34.617284+00,null
scripts/sync/sql/upsert_source_containers.sql,upsert_source_containers.sql,SQL,Persists observed Source Containers into the AlphaOmega Source Container Catalog.,"[""Insert newly observed Source Containers."",""Preserve AlphaOmega identity for existing catalog records."",""Reactivate previously inactive containers when observed again."",""Record current observation and Processing Job attribution."",""Update existing Source Containers from current observations.""]","[""Create Knowledge Objects."",""Determine which containers are absent."",""Enumerate a Source of Truth."",""Perform Source Container reconciliation."",""Synchronize content.""]",[],[],[],[],"[""SET"",""jsonb_array_elements"",""source_containers""]",[],"[""upsert_source_containers""]",[],130,COMPLETE,2026-09-13 05:06:34.617284+00,null
scripts/sync/sync_association.py,sync_association.py,Python,Maintains cross-stage record association for one source object during a synchronization run.,"[""Attach each stage record to the association as processing progresses."",""Maintain the Translator, Discovery, and Extraction records associated"",""Preserve the relationship between records representing the same source"",""object across synchronization stages."",""with one source object.""]","[""Create stage records."",""Determine synchronization state."",""Execute synchronization stages."",""Persist synchronization data.""]","[""SynchronizationAssociation""]","[""__init__"",""attach_discovery"",""attach_extraction"",""attach_translator""]",[],[],[],[],[],[],153,COMPLETE,2026-09-13 05:06:34.617284+00,null
scripts/sync/sync_base_section.py,sync_base_section.py,Python,Defines the common base behavior for synchronization record sections.,"[""Allow an owning stage to populate its section while the section is unlocked."",""Freeze supported mutable values when a section is locked."",""Lock completed sections against further modification."",""Provide the shared foundation for stage-owned synchronization sections."",""Report whether a section is locked.""]","[""Define stage-specific synchronization data."",""Determine when a synchronization stage has completed successfully."",""Execute synchronization processing."",""Unlock a section after it has been locked.""]","[""BaseSection""]","[""__init__"",""__setattr__"",""_freeze_value"",""is_locked"",""lock""]","[""scripts.sync.sync_exceptions.SectionLockedError"",""types.MappingProxyType"",""typing.Any""]","[""scripts/sync/sync_exceptions.py""]",[],[],[],[],122,COMPLETE,2026-09-13 05:06:34.617284+00,null
scripts/sync/sync_exceptions.py,sync_exceptions.py,Python,Defines the custom exception types used by the AlphaOmega Synchronization Framework.,"[""Distinguish stage, record, validation, configuration, connection,"",""Provide shared exception types that synchronization components can"",""Provide synchronization-specific exception types."",""raise and handle consistently."",""source, object-type, and section-lock failures.""]","[""Detect synchronization failures."",""Execute synchronization processing."",""Handle or recover from raised exceptions."",""Perform logging.""]","[""ConfigurationError"",""ConnectionFailedError"",""ConnectorError"",""DiscoveryError"",""DiscoveryRecordError"",""ExtractionError"",""ExtractionRecordError"",""LoadError"",""OrchestratorError"",""RecordError"",""SectionLockedError"",""StageError"",""SynchronizationError"",""TranslatorError"",""UnsupportedObjectTypeError"",""UnsupportedSourceError"",""ValidationError""]","[""__init__""]",[],[],[],[],[],[],226,COMPLETE,2026-09-13 05:06:34.617284+00,null
scripts/sync/sync_history_repository.py,sync_history_repository.py,Python,Provides database persistence operations for synchronization history.,"[""Create synchronization history records."",""Own storage-specific operations against the sync_history table."",""Persist the factual synchronization event data supplied by Load."",""Validate required persistence inputs and database results.""]","[""Decide whether synchronization history should be created."",""Determine synchronization state."",""Execute synchronization stages."",""Modify Knowledge Objects.""]","[""SyncHistoryRepository""]","[""__init__"",""create""]","[""supabase.Client"",""typing.Any"",""typing.Mapping""]",[],"[""sync_history""]",[],[],[],112,COMPLETE,2026-09-13 05:06:34.617284+00,null
scripts/sync/sync_identity_section.py,sync_identity_section.py,Python,Stores stable identity information associated with a synchronization record.,"[""Provide identity information through the shared synchronization"",""Store canonical synchronization identity information shared across"",""Store stable source identity for the synchronized object."",""Store synchronization correlation identity."",""section contract."",""synchronization processing.""]","[""Determine synchronization state."",""Execute synchronization stages."",""Generate source-native identities."",""Retrieve source objects.""]","[""SyncIdentitySection""]","[""__init__"",""section_name""]","[""scripts.sync.sync_base_section.SyncBaseSection""]","[""scripts/sync/sync_base_section.py""]",[],[],[],[],40,COMPLETE,2026-09-13 05:06:34.617284+00,null
scripts/sync/sync_record.py,sync_record.py,Python,Contains the completed sections for a single synchronization run.,"[""Attach completed sections by section name."",""Prevent duplicate section names from being attached."",""Report whether a section has been attached."",""Retrieve previously attached sections."",""Return all attached sections."",""Store completed synchronization sections.""]","[""Determine when a section is complete."",""Execute synchronization stages."",""Modify the contents of attached sections."",""Populate stage-owned sections.""]","[""SyncRecord""]","[""__init__"",""all_sections"",""attach"",""contains"",""get""]","[""scripts.sync.sync_base_section.BaseSection""]","[""scripts/sync/sync_base_section.py""]",[],[],[],[],95,COMPLETE,2026-09-13 05:06:34.617284+00,null
scripts/sync/sync_request.py,sync_request.py,Python,Represents one production synchronization request submitted to the AlphaOmega application layer.,"[""Identify the registered AlphaOmega Source Container selected for"",""Identify the registered AlphaOmega Source requested for synchronization."",""Preserve source_id plus source_container_id as the production"",""Require non-empty source_id and source_container_id values."",""synchronization request identity."",""synchronization.""]","[""Check the Source of Truth."",""Create Processing Jobs or Synchronization Runs."",""Detect synchronization conflicts."",""Determine whether the Source Container is active."",""Execute synchronization."",""Validate that the Source Container belongs to the Source."",""Validate that the Source or Source Container exists.""]","[""SynchronizationRequest""]","[""__init__"",""_require_identifier""]",[],[],[],[],[],[],76,COMPLETE,2026-09-13 05:06:34.617284+00,null
scripts/sync/sync_state.py,sync_state.py,Python,Defines the synchronization states assigned by Discovery.,"[""Define the canonical synchronization state values used to describe"",""Discovery results."",""Provide a shared synchronization-state type for downstream processing.""]","[""Compare source objects with persisted Knowledge Objects."",""Determine which synchronization state applies to an object."",""Execute synchronization."",""Perform Discovery processing.""]","[""SyncState""]",[],"[""enum.Enum""]",[],[],[],[],[],30,COMPLETE,2026-09-13 05:06:34.617284+00,null
scripts/sync/sync_translation_input.py,sync_translation_input.py,Python,Creates the orchestration-owned Translator input produced from a completed Connector Section.,"[""Assign one run-scoped correlation UUID to each source object before"",""Preserve completed Connector output for Translator processing."",""Provide the Translator with source objects and their correlation"",""Translator processing begins."",""identities without modifying Connector output.""]","[""Determine canonical object types."",""Modify completed Connector output."",""Perform Discovery, Extraction, or Load processing."",""Translate source objects.""]","[""TranslationInput""]","[""__init__""]","[""types.MappingProxyType"",""uuid.uuid4""]",[],[],[],[],[],100,COMPLETE,2026-09-13 05:06:34.617284+00,null
scripts/translator/base_translator.py,base_translator.py,Python,Defines the common interface that AlphaOmega Translator implementations must follow.,"[""Define the shared Translator contract."",""Establish TranslatorSection as the completed output of Translation."",""Require Translator implementations to process TranslationInput.""]","[""Generate orchestration correlation identity."",""Implement source-specific translation."",""Perform Discovery, Extraction, or Load."",""Retrieve source objects.""]","[""BaseTranslator""]","[""run""]",[],[],[],[],[],[],48,COMPLETE,2026-09-13 05:06:34.617284+00,null
scripts/translator/graph_translator_mappings.py,graph_translator_mappings.py,Python,Defines the source-specific mapping rules used to translate supported Microsoft Graph object types into canonical AlphaOmega object types.,"[""Define supported Microsoft Graph source object mappings."",""Map supported source structures to canonical CONTENT or CONTAINER"",""Provide centralized mapping rules used by GraphTranslator."",""object types.""]","[""Determine synchronization state."",""Execute Translation."",""Generate orchestration correlation identity."",""Persist Knowledge Objects."",""Retrieve Microsoft Graph objects.""]",[],"[""get_canonical_object_type"",""get_nested_value""]","[""collections.abc.Mapping"",""common.object_types.CONTAINER"",""common.object_types.CONTENT""]","[""common/object_types.py""]",[],[],[],[],152,COMPLETE,2026-09-13 05:06:34.617284+00,null
scripts/translator/graph_translator.py,graph_translator.py,Python,Translates raw Microsoft Graph source objects into canonical AlphaOmega TranslatorRecords.,"[""Assign canonical CONTENT or CONTAINER object types."",""Isolate record-level translation failures."",""Normalize source names and timestamps."",""Preserve connector-proven parent identity and hierarchy paths."",""Preserve orchestration correlation identity."",""Preserve source-native object identity."",""Produce and lock the completed TranslatorSection."",""Translate supported OneDrive and OneNote source objects."",""Use the OneNote parent Section modification timestamp for page"",""source_modified_at.""]","[""Determine synchronization state."",""Extract source content."",""Generate orchestration correlation identity."",""Persist Knowledge Objects."",""Retrieve source objects.""]","[""GraphTranslator""]","[""_build_record_error"",""_get_object_type"",""_get_source_objects"",""_translate_record"",""run""]","[""collections.abc.Mapping"",""collections.abc.Sequence"",""common.object_types.CONTAINER"",""scripts.sync.sync_exceptions.UnsupportedObjectTypeError"",""scripts.translator.base_translator.BaseTranslator"",""scripts.translator.graph_translator_mappings.GRAPH_FIELD_MAPPING"",""scripts.translator.graph_translator_mappings.RESERVED_GRAPH_FIELDS"",""scripts.translator.graph_translator_mappings.get_canonical_object_type"",""scripts.translator.graph_translator_mappings.get_nested_value"",""scripts.translator.translator_record.TranslatorRecord"",""scripts.translator.translator_section.TranslatorSection""]","[""common/object_types.py"",""scripts/sync/sync_exceptions.py"",""scripts/translator/base_translator.py"",""scripts/translator/graph_translator_mappings.py"",""scripts/translator/translator_record.py"",""scripts/translator/translator_section.py""]",[],[],[],[],613,COMPLETE,2026-09-13 05:06:34.617284+00,null
scripts/translator/translator_loader.py,translator_loader.py,Python,Loads the appropriate Translator implementation for a requested Source of Truth.,"[""Map supported Source of Truth names to their Translator implementation."",""Reject unsupported Source of Truth names."",""Return GraphTranslator for supported OneDrive requests."",""Return GraphTranslator for supported OneNote requests.""]","[""Execute Translation."",""Perform Discovery, Extraction, or Load."",""Persist Knowledge Objects."",""Retrieve source objects.""]","[""TranslatorLoader""]","[""get_translator""]","[""scripts.translators.graph_translator.GraphTranslator""]",[],[],[],[],[],64,COMPLETE,2026-09-13 05:06:34.617284+00,null
scripts/translator/translator_record.py,translator_record.py,Python,Represents the canonical source facts produced by Translation for one source object.,"[""Preserve orchestration correlation identity."",""Store Translator-owned factual source metadata."",""Store canonical Source of Truth identity."",""Store canonical object type."",""Store normalized name and hierarchy path."",""Store source-created and source-modified timestamps."",""Store source-native object and parent identities.""]","[""Determine synchronization state."",""Generate correlation identity."",""Persist Knowledge Objects."",""Retrieve source content."",""Store Discovery or Extraction decisions.""]","[""TranslatorRecord""]","[""__init__""]",[],[],[],[],[],[],72,COMPLETE,2026-09-13 05:06:34.617284+00,null
scripts/translator/translator_section.py,translator_section.py,Python,Stores the completed output produced by the Translator stage during a synchronization run.,"[""Provide completed Translator output through the shared synchronization"",""Record whether Translation completed successfully."",""Store TranslatorRecords produced by Translation."",""Store record-level Translator errors."",""section contract.""]","[""Allow modification after the section is locked."",""Perform Discovery, Extraction, or Load."",""Retrieve source data."",""Translate source objects itself.""]","[""TranslatorSection""]","[""__init__""]","[""scripts.sync.sync_base_section.BaseSection""]","[""scripts/sync/sync_base_section.py""]",[],[],[],[],48,COMPLETE,2026-09-13 05:06:34.617284+00,null